PR,URL,Title,Content type,Is rendered page,HTTP status code,Organic traffic,Is indexable page,No. of all inlinks,Is in sitemap,Referenced in sitemaps,No. of referencing sitemaps
21,https://handlemyfile.com/fi/muokkaa-pdf,Muokkaa PDF - Pimennä teksti ja kuvat turvallisesti | HandleMyFile,text/html; charset=utf-8,false,200,0,true,48,true,https://handlemyfile.com/sitemap.xml,2
21,https://handlemyfile.com/da/rediger-pdf,Redakt PDF - Sikker mørklægning af tekst og billeder | HandleMyFile,text/html; charset=utf-8,false,200,0,true,48,true,https://handlemyfile.com/sitemap.xml,2
21,https://handlemyfile.com/sv/redigera-pdf,Redagera PDF - Säker mörkläggning av text och bilder | HandleMyFile,text/html; charset=utf-8,false,200,0,true,48,true,https://handlemyfile.com/sitemap.xml,2
21,https://handlemyfile.com/cs/upravit-pdf,Upravit PDF – Bezpečně zatemnit text a obrázky | HandleMyFile,text/html; charset=utf-8,false,200,0,true,48,true,https://handlemyfile.com/sitemap.xml,2
21,https://handlemyfile.com/tr/pdf-yi-duzenle,PDF'yi Çevrimiçi Düzenleyin - Sayfaları PDF'ye Yerel Olarak Ekle | HandleMyFile,text/html; charset=utf-8,false,200,0,true,48,true,https://handlemyfile.com/sitemap.xml,2
21,https://handlemyfile.com/zh/bian-ji-pdf,编辑 PDF - 安全地遮蔽文本和图像 | HandleMyFile,text/html; charset=utf-8,false,200,0,true,48,true,https://handlemyfile.com/sitemap.xml,2
21,https://handlemyfile.com/sk/upravit-pdf,Redigovať PDF – bezpečne začierniť text a obrázky | HandleMyFile,text/html; charset=utf-8,false,200,0,true,48,true,https://handlemyfile.com/sitemap.xml,2
21,https://handlemyfile.com/no/rediger-pdf,Redact PDF - Sikker mørklegging av tekst og bilder | HandleMyFile,text/html; charset=utf-8,false,200,0,true,48,true,https://handlemyfile.com/sitemap.xml,2
21,https://handlemyfile.com/th/aekaikh-pdf,ทำซ้ำ PDF - ปิดทับข้อความและรูปภาพอย่างปลอดภัย | HandleMyFile,text/html; charset=utf-8,false,200,0,true,48,true,https://handlemyfile.com/sitemap.xml,2
21,https://handlemyfile.com/ru/redaktirovat-pdf,Редактировать PDF — безопасное затемнение текста и изображений | HandleMyFile,text/html; charset=utf-8,false,200,0,true,48,true,https://handlemyfile.com/sitemap.xml,2
21,https://handlemyfile.com/uk/redaguvati-pdf,Редагувати PDF - безпечне затемнення тексту та зображень | HandleMyFile,text/html; charset=utf-8,false,200,0,true,48,true,https://handlemyfile.com/sitemap.xml,2
