PR,URL,Title,Content type,Is rendered page,HTTP status code,Organic traffic,Depth,Title patch,Title patch status,Title length,No. of titles,Is indexable page
21,https://handlemyfile.com/sk/csv-do-excelu,Bezplatný prevodník CSV do Excelu (.xlsx) – Instant Browser Engine | HandleMyFile,text/html; charset=utf-8,false,200,0,0,,,81,1,true
21,https://handlemyfile.com/zh/pdf-word,Free PDF to Word Converter (.docx) Without Losing Formatting | HandleMyFile,text/html; charset=utf-8,false,200,0,0,,,75,1,true
21,https://handlemyfile.com/ro/csv-in-excel,Convertor gratuit CSV în Excel (.xlsx) - Motor de browser instantaneu | HandleMyFile,text/html; charset=utf-8,false,200,0,0,,,84,1,true
21,https://handlemyfile.com/es/imagen-a-pdf,Convierta JPG y PNG a PDF en línea: imágenes a PDF localmente | HandleMyFile,text/html; charset=utf-8,false,200,0,0,,,76,1,true
21,https://handlemyfile.com/tr/pdf-nin-kilidini-acin,PDF Online'ın Kilidini Açın - PDF Parolasını Yerel Olarak Kaldır | HandleMyFile,text/html; charset=utf-8,false,200,0,0,,,79,1,true
21,https://handlemyfile.com/vi/csv-sang-excel,Công cụ chuyển đổi CSV sang Excel miễn phí (.xlsx) - Công cụ trình duyệt tức thì | HandleMyFile,text/html; charset=utf-8,false,200,0,0,,,95,1,true
21,https://handlemyfile.com/hi/piiddiieph-ghumaaen,पीडीएफ पेजों को ऑनलाइन घुमाएँ - पीडीएफ को 90/180/270 डिग्री स्थानीय रूप से घुमाएँ | HandleMyFile,text/html; charset=utf-8,false,200,0,0,,,96,1,true
21,https://handlemyfile.com/ru/csv-v-excel,Бесплатный конвертер CSV в Excel (.xlsx) — механизм мгновенного браузера | HandleMyFile,text/html; charset=utf-8,false,200,0,0,,,87,1,true
21,https://handlemyfile.com/ar/tqsym-qwt-ldfaa-lshaaby,تقسيم ملف PDF عبر الإنترنت - استخراج الصفحات بشكل منفصل | الخصوصية من جانب العميل | HandleMyFile,text/html; charset=utf-8,false,200,0,0,,,96,1,true
21,https://handlemyfile.com/hi/pdf-to-word-without-losing-formatting,Free PDF to Word Converter (.docx) Without Losing Formatting | HandleMyFile,text/html; charset=utf-8,false,200,0,0,,,75,1,true
21,https://handlemyfile.com/el/peristrofi-pdf,Περιστροφή σελίδων PDF Online - Περιστρέψτε το PDF 90/180/270 μοίρες τοπικά | HandleMyFile,text/html; charset=utf-8,false,200,0,0,,,90,1,true
21,https://handlemyfile.com/nl/pdf-naar-ppt,Gratis PDF naar PowerPoint-converter (.pptx) - Geen uploads | HandleMyFile,text/html; charset=utf-8,false,200,0,0,,,74,1,true
21,https://handlemyfile.com/nl/watermerk-pdf,Watermerk toevoegen aan PDF - Aangepaste tekst of afbeelding lokaal stempelen | HandleMyFile,text/html; charset=utf-8,false,200,0,0,,,92,1,true
21,https://handlemyfile.com/ro/txt-in-pdf,Convertiți TXT în PDF online - Text simplu în document PDF | HandleMyFile,text/html; charset=utf-8,false,200,0,0,,,73,1,true
21,https://handlemyfile.com/uk/ppt-v-pdf,Конвертуйте PowerPoint у PDF - PPTX Slides to PDF Locally | HandleMyFile,text/html; charset=utf-8,false,200,0,0,,,72,1,true
21,https://handlemyfile.com/fr/pdf-en-image,Convertir des PDF en images JPG/PNG en ligne - Extraire des pages en ZIP | HandleMyFile,text/html; charset=utf-8,false,200,0,0,,,87,1,true
21,https://handlemyfile.com/hi/piiddiieph-se-piipiittii,मुफ़्त पीडीएफ से पावरपॉइंट कन्वर्टर (.pptx) - शून्य अपलोड | HandleMyFile,text/html; charset=utf-8,false,200,0,0,,,72,1,true
21,https://handlemyfile.com/ro/pdf-invers,Inversați paginile PDF - Schimbați ordinea paginilor PDF înapoi | HandleMyFile,text/html; charset=utf-8,false,200,0,0,,,78,1,true
21,https://handlemyfile.com/th/excel-epn-pdf,แปลง Excel เป็น PDF ออนไลน์ - XLSX & XLS เป็น PDF ในเครื่อง | HandleMyFile,text/html; charset=utf-8,false,200,0,0,,,74,1,true
21,https://handlemyfile.com/da/sidetal,Tilføj sidetal til PDF - tilpasset sidehoved og sidefod lokalt | HandleMyFile,text/html; charset=utf-8,false,200,0,0,,,77,1,true
21,https://handlemyfile.com/fi/excelista-csv-ksi,Ilmainen Excel–CSV-muunnin (.xlsx–.csv) – nolla latausta | HandleMyFile,text/html; charset=utf-8,false,200,0,0,,,71,1,true
21,https://handlemyfile.com/fr/numeros-de-pages,Ajouter des numéros de page au PDF - En-tête et pied de page personnalisés localement | HandleMyFile,text/html; charset=utf-8,false,200,0,0,,,100,1,true
21,https://handlemyfile.com/no/excel-til-pdf,Konverter Excel til PDF Online - XLSX og XLS til PDF lokalt | HandleMyFile,text/html; charset=utf-8,false,200,0,0,,,74,1,true
21,https://handlemyfile.com/tr/excel-den-pdf-ye,Excel'i Çevrimiçi Olarak PDF'ye Dönüştürün - XLSX ve XLS'yi Yerel Olarak PDF'ye Dönüştürün | HandleMyFile,text/html; charset=utf-8,false,200,0,0,,,105,1,true
21,https://handlemyfile.com/fr/pdf-inverse,Pages PDF inversées - Modifier l'ordre des pages PDF à l'envers | HandleMyFile,text/html; charset=utf-8,false,200,0,0,,,78,1,true
21,https://handlemyfile.com/nl/csv-naar-excel,Gratis CSV naar Excel-converter (.xlsx) - Instant Browser-engine | HandleMyFile,text/html; charset=utf-8,false,200,0,0,,,79,1,true
21,https://handlemyfile.com/fi/excelista-pdf,Muunna Excel PDF-muotoon Online - XLSX ja XLS PDF:ksi paikallisesti | HandleMyFile,text/html; charset=utf-8,false,200,0,0,,,82,1,true
21,https://handlemyfile.com/hu/txt-to-pdf,TXT konvertálása PDF-be online - Egyszerű szöveg PDF-dokumentummá | HandleMyFile,text/html; charset=utf-8,false,200,0,0,,,80,1,true
21,https://handlemyfile.com/da/billede-til-pdf,Konverter JPG & PNG til PDF online - Billeder til PDF lokalt | HandleMyFile,text/html; charset=utf-8,false,200,0,0,,,75,1,true
21,https://handlemyfile.com/el/ydatografima-pdf,Προσθήκη υδατογραφήματος σε PDF - Σφραγίδα προσαρμοσμένου κειμένου ή εικόνας τοπικά | HandleMyFile,text/html; charset=utf-8,false,200,0,0,,,98,1,true
21,https://handlemyfile.com/id/pdf-ke-gambar,Konversi Gambar PDF ke JPG/PNG Secara Online - Ekstrak Halaman ke ZIP | HandleMyFile,text/html; charset=utf-8,false,200,0,0,,,84,1,true
21,https://handlemyfile.com/pt/pdf-para-word-sem-perder-formata-o,Free PDF to Word Converter (.docx) Without Losing Formatting | HandleMyFile,text/html; charset=utf-8,false,200,0,0,,,75,1,true
21,https://handlemyfile.com/el/pdf-se-eikona,Μετατροπή PDF σε εικόνες JPG/PNG Online - Εξαγωγή σελίδων σε ZIP | HandleMyFile,text/html; charset=utf-8,false,200,0,0,,,79,1,true
21,https://handlemyfile.com/hu/pdf-b-l-word-be-a-form-z-s-elveszt-se-n-lk-l,Free PDF to Word Converter (.docx) Without Losing Formatting | HandleMyFile,text/html; charset=utf-8,false,200,0,0,,,75,1,true
21,https://handlemyfile.com/pl/redaguj-pdf,Redaguj plik PDF — bezpieczne zaciemnianie tekstu i obrazów | HandleMyFile,text/html; charset=utf-8,false,200,0,0,,,74,1,true
21,https://handlemyfile.com/cs/obrazek-do-pdf,Převést JPG a PNG do PDF online – obrázky do PDF lokálně | HandleMyFile,text/html; charset=utf-8,false,200,0,0,,,71,1,true
21,https://handlemyfile.com/sk/excel-do-csv,Bezplatný prevodník Excel do CSV (.xlsx na .csv) – nulové nahrávanie | HandleMyFile,text/html; charset=utf-8,false,200,0,0,,,83,1,true
21,https://handlemyfile.com/vi/excel-sang-csv,Trình chuyển đổi Excel sang CSV miễn phí (.xlsx sang .csv) - Không tải lên | HandleMyFile,text/html; charset=utf-8,false,200,0,0,,,89,1,true
21,https://handlemyfile.com/ms/pdf-ke-ppt,PDF to PowerPoint Converter Percuma (.pptx) - Sifar Muat Naik | HandleMyFile,text/html; charset=utf-8,false,200,0,0,,,76,1,true
21,https://handlemyfile.com/it/immagine-in-pdf,Converti JPG e PNG in PDF online - Immagini in PDF localmente | HandleMyFile,text/html; charset=utf-8,false,200,0,0,,,76,1,true
21,https://handlemyfile.com/pt/ocr-pdf,OCR de navegador gratuito - Extraia texto de PDF e imagens digitalizados | HandleMyFile,text/html; charset=utf-8,false,200,0,0,,,87,1,true
21,https://handlemyfile.com/uk/zminiti-rozmir-pdf,Зміна розміру PDF-сторінок - зміна розміру PDF-сторінки та полів | HandleMyFile,text/html; charset=utf-8,false,200,0,0,,,79,1,true
21,https://handlemyfile.com/id/buka-kunci-pdf,Buka Kunci PDF Online - Hapus Kata Sandi PDF Secara Lokal | HandleMyFile,text/html; charset=utf-8,false,200,0,0,,,72,1,true
21,https://handlemyfile.com/hi/splitt-piiddiieph,पीडीएफ को ऑनलाइन विभाजित करें - पेज अलग से निकालें | क्लाइंट-साइड गोपनीयता | HandleMyFile,text/html; charset=utf-8,false,200,0,0,,,89,1,true
21,https://handlemyfile.com/hi/eksel-se-siiesvii,निःशुल्क एक्सेल से सीएसवी कन्वर्टर (.xlsx से .csv) - शून्य अपलोड | HandleMyFile,text/html; charset=utf-8,false,200,0,0,,,79,1,true
21,https://handlemyfile.com/hu/pdf-forgatasa,PDF-oldalak online forgatása – helyileg 90/180/270 fokkal fordítsa el a PDF-et | HandleMyFile,text/html; charset=utf-8,false,200,0,0,,,93,1,true
21,https://handlemyfile.com/uk/vodyaniy-znak-pdf,Add Watermark to PDF - Stamp Custom Text or Image Locally | HandleMyFile,text/html; charset=utf-8,false,200,0,0,,,72,1,true
21,https://handlemyfile.com/uk/excel-u-csv,Безкоштовний конвертер Excel у CSV (.xlsx у .csv) - Нуль завантажень | HandleMyFile,text/html; charset=utf-8,false,200,0,0,,,83,1,true
21,https://handlemyfile.com/uk/obrizati-pdf,Обрізати PDF-файл онлайн - видаліть поля з PDF-файлу локально | HandleMyFile,text/html; charset=utf-8,false,200,0,0,,,76,1,true
21,https://handlemyfile.com/pl/pdf-do-ppt,Bezpłatny konwerter plików PDF do programu PowerPoint (.pptx) — brak przesyłania plików | HandleMyFile,text/html; charset=utf-8,false,200,0,0,,,102,1,true
21,https://handlemyfile.com/it/csv-in-excel,Convertitore gratuito da CSV a Excel (.xlsx) - Motore browser istantaneo | HandleMyFile,text/html; charset=utf-8,false,200,0,0,,,87,1,true
21,https://handlemyfile.com/cs/vodoznak-pdf,Přidat vodoznak do PDF - Lokálně razit vlastní text nebo obrázek | HandleMyFile,text/html; charset=utf-8,false,200,0,0,,,79,1,true
21,https://handlemyfile.com/ro/ocr-pdf,OCR gratuit de browser - Extrageți text din PDF și imagini scanate | HandleMyFile,text/html; charset=utf-8,false,200,0,0,,,81,1,true
21,https://handlemyfile.com/th/ppt-epn-pdf,แปลง PowerPoint เป็น PDF - PPTX Slides เป็น PDF ในเครื่อง | HandleMyFile,text/html; charset=utf-8,false,200,0,0,,,72,1,true
21,https://handlemyfile.com/no/excel-til-csv,Gratis Excel til CSV-konvertering (.xlsx til .csv) - Null opplastinger | HandleMyFile,text/html; charset=utf-8,false,200,0,0,,,85,1,true
21,https://handlemyfile.com/hu/ppt-to-pdf,A PowerPoint konvertálása PDF formátumba – PPTX diák PDF formátumba helyileg | HandleMyFile,text/html; charset=utf-8,false,200,0,0,,,91,1,true
21,https://handlemyfile.com/it/pdf-in-scala-di-grigi,Converti PDF in scala di grigi: PDF in bianco e nero online | HandleMyFile,text/html; charset=utf-8,false,200,0,0,,,74,1,true
21,https://handlemyfile.com/fr/extraire-des-images,Extraire des images d'un PDF - Enregistrer toutes les images d'un PDF | HandleMyFile,text/html; charset=utf-8,false,200,0,0,,,84,1,true
21,https://handlemyfile.com/tr/filigran-pdf,PDF'ye Filigran Ekleme - Özel Metin veya Görüntüyü Yerel Olarak Damgalama | HandleMyFile,text/html; charset=utf-8,false,200,0,0,,,88,1,true
21,https://handlemyfile.com/ms/csv-ke-excel,Penukar CSV ke Excel Percuma (.xlsx) - Enjin Penyemak Imbas Segera | HandleMyFile,text/html; charset=utf-8,false,200,0,0,,,81,1,true
21,https://handlemyfile.com/fr/csv-vers-excel,Convertisseur CSV en Excel gratuit (.xlsx) - Moteur de navigateur instantané | HandleMyFile,text/html; charset=utf-8,false,200,0,0,,,91,1,true
21,https://handlemyfile.com/hi/piiddiieph-se-chvi,पीडीएफ को जेपीजी/पीएनजी छवियों में ऑनलाइन कनवर्ट करें - पेजों को ज़िप में निकालें | HandleMyFile,text/html; charset=utf-8,false,200,0,0,,,96,1,true
21,https://handlemyfile.com/sv/sidnummer,Lägg till sidnummer till PDF - Anpassad sidhuvud och sidfot lokalt | HandleMyFile,text/html; charset=utf-8,false,200,0,0,,,81,1,true
21,https://handlemyfile.com/ru/podpisat-pdf,Подпишите PDF онлайн — добавьте электронную подпись в PDF | HandleMyFile,text/html; charset=utf-8,false,200,0,0,,,72,1,true
21,https://handlemyfile.com/page-numbers,Add Page Numbers to PDF - Custom Header & Footer Locally | HandleMyFile,text/html; charset=utf-8,false,200,0,0,,,71,1,true
21,https://handlemyfile.com/tr/pdf-ye-tara,PDF'ye Tara - PDF'yi Düzenlenemez Hale Getirin ve Çevrimiçi Rasterleştir | HandleMyFile,text/html; charset=utf-8,false,200,0,0,,,87,1,true
21,https://handlemyfile.com/th/hmun-pdf,หมุนหน้า PDF ออนไลน์ - เปิด PDF 90/180/270 องศาในเครื่อง | HandleMyFile,text/html; charset=utf-8,false,200,0,0,,,71,1,true
21,https://handlemyfile.com/ru/pdf-v-izobrazhenie,Конвертируйте PDF в изображения JPG/PNG онлайн — извлекайте страницы в ZIP | HandleMyFile,text/html; charset=utf-8,false,200,0,0,,,89,1,true
21,https://handlemyfile.com/nl/afbeelding-naar-pdf,Converteer JPG en PNG online naar PDF - Afbeeldingen lokaal naar PDF | HandleMyFile,text/html; charset=utf-8,false,200,0,0,,,83,1,true
21,https://handlemyfile.com/th/ruupphaaphepn-pdf,แปลง JPG และ PNG เป็น PDF ออนไลน์ - รูปภาพเป็น PDF ในเครื่อง | HandleMyFile,text/html; charset=utf-8,false,200,0,0,,,75,1,true
21,https://handlemyfile.com/hi/vonttrmaark-piiddiieph,पीडीएफ में वॉटरमार्क जोड़ें - कस्टम टेक्स्ट या छवि पर स्थानीय रूप से मुहर लगाएं | HandleMyFile,text/html; charset=utf-8,false,200,0,0,,,94,1,true
21,https://handlemyfile.com/nl/pdf-naar-word-zonder-de-opmaak-te-verliezen,Free PDF to Word Converter (.docx) Without Losing Formatting | HandleMyFile,text/html; charset=utf-8,false,200,0,0,,,75,1,true
21,https://handlemyfile.com/no/sidetall,Legg til sidetall i PDF - tilpasset topp- og bunntekst lokalt | HandleMyFile,text/html; charset=utf-8,false,200,0,0,,,76,1,true
21,https://handlemyfile.com/id/kompres-pdf,Kompres PDF Online - Kurangi Ukuran File 60-90% Secara Lokal | HandleMyFile,text/html; charset=utf-8,false,200,0,0,,,75,1,true
21,https://handlemyfile.com/el/perikopi-pdf,Περικοπή PDF Online - Κατάργηση περιθωρίων από το PDF Τοπικά | HandleMyFile,text/html; charset=utf-8,false,200,0,0,,,75,1,true
21,https://handlemyfile.com/it/pdf-filigrana,Aggiungi filigrana al PDF - Timbro testo o immagine personalizzati localmente | HandleMyFile,text/html; charset=utf-8,false,200,0,0,,,92,1,true
21,https://handlemyfile.com/pt/pdf-para-ppt,Conversor gratuito de PDF para PowerPoint (.pptx) - Zero uploads | HandleMyFile,text/html; charset=utf-8,false,200,0,0,,,79,1,true
21,https://handlemyfile.com/tr/pdf-yi-yeniden-boyutlandir,PDF Sayfalarını Yeniden Boyutlandır - PDF Sayfa Boyutunu ve Kenar Boşluklarını Değiştirin | HandleMyFile,text/html; charset=utf-8,false,200,0,0,,,104,1,true
21,https://handlemyfile.com/es/desbloquear-pdf,Desbloquear PDF en línea - Eliminar la contraseña de PDF localmente | HandleMyFile,text/html; charset=utf-8,false,200,0,0,,,82,1,true
21,https://handlemyfile.com/cs/pdf-do-ppt,Bezplatný převodník PDF do PowerPointu (.pptx) – nulové nahrávání | HandleMyFile,text/html; charset=utf-8,false,200,0,0,,,80,1,true
21,https://handlemyfile.com/el/xekleidoma-pdf,Ξεκλείδωμα PDF Online - Κατάργηση κωδικού πρόσβασης PDF τοπικά | HandleMyFile,text/html; charset=utf-8,false,200,0,0,,,77,1,true
21,https://handlemyfile.com/sv/txt-till-pdf,Konvertera TXT till PDF Online - Vanlig text till PDF-dokument | HandleMyFile,text/html; charset=utf-8,false,200,0,0,,,77,1,true
21,https://handlemyfile.com/el/excel-se-pdf,Μετατροπή Excel σε PDF Online - XLSX & XLS σε PDF τοπικά | HandleMyFile,text/html; charset=utf-8,false,200,0,0,,,71,1,true
21,https://handlemyfile.com/no/pdf-til-bilde,Konverter PDF til JPG/PNG-bilder online - Pakk ut sider til ZIP | HandleMyFile,text/html; charset=utf-8,false,200,0,0,,,78,1,true
21,https://handlemyfile.com/sk/otocit-pdf,Otočte stránky PDF online – otočte PDF o 90/180/270 stupňov lokálne | HandleMyFile,text/html; charset=utf-8,false,200,0,0,,,82,1,true
21,https://handlemyfile.com/no/bilde-til-pdf,Konverter JPG og PNG til PDF Online - Bilder til PDF lokalt | HandleMyFile,text/html; charset=utf-8,false,200,0,0,,,74,1,true
21,https://handlemyfile.com/vi/xoay-pdf,Xoay trang PDF trực tuyến - Xoay PDF 90/180/270 độ cục bộ | HandleMyFile,text/html; charset=utf-8,false,200,0,0,,,72,1,true
21,https://handlemyfile.com/excel-to-csv,Free Excel to CSV Converter (.xlsx to .csv) - Zero Uploads | HandleMyFile,text/html; charset=utf-8,false,200,0,0,,,73,1,true
21,https://handlemyfile.com/fi/pura-kuvat,Pura kuvat PDF-tiedostosta - Tallenna kaikki kuvat PDF-tiedostosta | HandleMyFile,text/html; charset=utf-8,false,200,0,0,,,81,1,true
21,https://handlemyfile.com/hi/piiddiieph-pr-skain-kren,पीडीएफ को स्कैन करें - पीडीएफ को असंपादन योग्य बनाएं और ऑनलाइन व्यवस्थित करें | HandleMyFile,text/html; charset=utf-8,false,200,0,0,,,92,1,true
21,https://handlemyfile.com/it/numeri-di-pagina,Aggiungi numeri di pagina al PDF - Intestazione e piè di pagina personalizzati localmente | HandleMyFile,text/html; charset=utf-8,false,200,0,0,,,104,1,true
21,https://handlemyfile.com/ru/izmenenie-razmera-pdf,Изменение размера страниц PDF — изменение размера и полей PDF-страницы | HandleMyFile,text/html; charset=utf-8,false,200,0,0,,,85,1,true
21,https://handlemyfile.com/pl/przytnij-plik-pdf,Przytnij plik PDF online — usuń marginesy z pliku PDF lokalnie | HandleMyFile,text/html; charset=utf-8,false,200,0,0,,,77,1,true
21,https://handlemyfile.com/vi/hinh-anh-sang-pdf,Chuyển đổi JPG & PNG sang PDF trực tuyến - Hình ảnh sang PDF cục bộ | HandleMyFile,text/html; charset=utf-8,false,200,0,0,,,82,1,true
21,https://handlemyfile.com/ms/pisahkan-pdf,Pisahkan PDF Dalam Talian - Ekstrak Halaman Secara Asing | Privasi Pihak Pelanggan | HandleMyFile,text/html; charset=utf-8,false,200,0,0,,,97,1,true
21,https://handlemyfile.com/ro/numerele-paginii,Adăugați numere de pagină în PDF - Antet și subsol personalizate la nivel local | HandleMyFile,text/html; charset=utf-8,false,200,0,0,,,94,1,true
21,https://handlemyfile.com/id/ubah-ukuran-pdf,Ubah Ukuran Halaman PDF - Ubah Ukuran dan Margin Halaman PDF | HandleMyFile,text/html; charset=utf-8,false,200,0,0,,,75,1,true
21,https://handlemyfile.com/da/split-pdf,Split PDF Online - Udpak sider separat | Privatliv på klientsiden | HandleMyFile,text/html; charset=utf-8,false,200,0,0,,,80,1,true
21,https://handlemyfile.com/pt/excel-para-csv,Conversor gratuito de Excel para CSV (.xlsx para .csv) - Zero uploads | HandleMyFile,text/html; charset=utf-8,false,200,0,0,,,84,1,true
21,https://handlemyfile.com/pl/txt-do-pdf,Konwertuj TXT na PDF online — zwykły tekst na dokument PDF | HandleMyFile,text/html; charset=utf-8,false,200,0,0,,,73,1,true
21,https://handlemyfile.com/tr/pdf-yi-koruyun,PDF'yi Çevrimiçi Koruyun - PDF'yi Yerel Olarak Parolayla Koruyun | HandleMyFile,text/html; charset=utf-8,false,200,0,0,,,79,1,true
21,https://handlemyfile.com/he/symn-mym-pdf,הוסף סימן מים ל-PDF - חותמת טקסט או תמונה מותאמת אישית באופן מקומי | HandleMyFile,text/html; charset=utf-8,false,200,0,0,,,81,1,true
21,https://handlemyfile.com/pt/pdf-em-tons-de-cinza,Converter PDF em escala de cinza - PDF em preto e branco online | HandleMyFile,text/html; charset=utf-8,false,200,0,0,,,78,1,true
21,https://handlemyfile.com/es/pdf-a-ppt,Convertidor gratuito de PDF a PowerPoint (.pptx): cero cargas | HandleMyFile,text/html; charset=utf-8,false,200,0,0,,,76,1,true
21,https://handlemyfile.com/es/cambiar-el-tamano-del-pdf,Cambiar el tamaño de las páginas PDF: cambiar el tamaño y los márgenes de la página PDF | HandleMyFile,text/html; charset=utf-8,false,200,0,0,,,102,1,true
21,https://handlemyfile.com/fi/muuta-pdf-kokoa,Muuta PDF-sivujen kokoa - Muuta PDF-sivun kokoa ja marginaaleja | HandleMyFile,text/html; charset=utf-8,false,200,0,0,,,78,1,true
21,https://handlemyfile.com/fr/comparer-pdf,Comparer des PDF - Trouver les différences entre deux PDF | HandleMyFile,text/html; charset=utf-8,false,200,0,0,,,72,1,true
21,https://handlemyfile.com/no/endre-storrelse-pa-pdf,Endre størrelse på PDF-sider - Endre PDF-sidestørrelse og marger | HandleMyFile,text/html; charset=utf-8,false,200,0,0,,,79,1,true
21,https://handlemyfile.com/ru/excel-v-pdf,Конвертируйте Excel в PDF онлайн — XLSX и XLS в PDF локально | HandleMyFile,text/html; charset=utf-8,false,200,0,0,,,75,1,true
21,https://handlemyfile.com/de/pdf-in-word-umwandeln-ohne-dass-die-formatierung-verloren-geht,Free PDF to Word Converter (.docx) Without Losing Formatting | HandleMyFile,text/html; charset=utf-8,false,200,0,0,,,75,1,true
21,https://handlemyfile.com/hu/oldalszamok,Oldalszámok hozzáadása a PDF-hez – Egyéni fejléc és lábléc helyileg | HandleMyFile,text/html; charset=utf-8,false,200,0,0,,,82,1,true
21,https://handlemyfile.com/el/katargisi-metadedomenon,Κατάργηση μεταδεδομένων PDF - Sanitize Properties Online | HandleMyFile,text/html; charset=utf-8,false,200,0,0,,,71,1,true
21,https://handlemyfile.com/nl/ppt-naar-pdf,Converteer PowerPoint naar PDF - PPTX-dia's lokaal naar PDF | HandleMyFile,text/html; charset=utf-8,false,200,0,0,,,74,1,true
21,https://handlemyfile.com/vi/so-trang,Thêm số trang vào PDF - Đầu trang & Chân trang tùy chỉnh cục bộ | HandleMyFile,text/html; charset=utf-8,false,200,0,0,,,78,1,true
21,https://handlemyfile.com/hi/piiddiieph-kaa-aakaar-bdlen,पीडीएफ पेजों का आकार बदलें - पीडीएफ पेज का आकार और मार्जिन बदलें | HandleMyFile,text/html; charset=utf-8,false,200,0,0,,,79,1,true
21,https://handlemyfile.com/ms/nombor-halaman,Tambahkan Nombor Halaman pada PDF - Pengepala & Pengaki Tersuai Secara Setempat | HandleMyFile,text/html; charset=utf-8,false,200,0,0,,,94,1,true
21,https://handlemyfile.com/cs/pdf-k-obrazku,Převod obrázků PDF do JPG/PNG online – Extrahujte stránky do ZIP | HandleMyFile,text/html; charset=utf-8,false,200,0,0,,,79,1,true
21,https://handlemyfile.com/pl/obroc-pdf,Obracaj strony PDF online — obracaj pliki PDF o 90/180/270 stopni lokalnie | HandleMyFile,text/html; charset=utf-8,false,200,0,0,,,89,1,true
21,https://handlemyfile.com/hi/pnne-httaaen,पीडीएफ पेजों को ऑनलाइन हटाएं - पीडीएफ से पेजों को स्थानीय रूप से हटाएं | HandleMyFile,text/html; charset=utf-8,false,200,0,0,,,85,1,true
21,https://handlemyfile.com/th/hmaayelkhhnaa,เพิ่มหมายเลขหน้าเป็น PDF - ส่วนหัวและส่วนท้ายที่กำหนดเองในเครื่อง | HandleMyFile,text/html; charset=utf-8,false,200,0,0,,,80,1,true
21,https://handlemyfile.com/da/excel-til-csv,Gratis Excel til CSV-konvertering (.xlsx til .csv) - Nul uploads | HandleMyFile,text/html; charset=utf-8,false,200,0,0,,,79,1,true
21,https://handlemyfile.com/el/arithmoi-selidas,Προσθήκη αριθμών σελίδων στο PDF - Προσαρμοσμένη κεφαλίδα & υποσέλιδο τοπικά | HandleMyFile,text/html; charset=utf-8,false,200,0,0,,,91,1,true
21,https://handlemyfile.com/tr/resimden-pdf-e,JPG ve PNG'yi Çevrimiçi Olarak PDF'ye Dönüştürün - Görüntüleri Yerel Olarak PDF'ye Dönüştürün | HandleMyFile,text/html; charset=utf-8,false,200,0,0,,,108,1,true
21,https://handlemyfile.com/id/excel-ke-pdf,Konversi Excel ke PDF Online - XLSX & XLS ke PDF Secara Lokal | HandleMyFile,text/html; charset=utf-8,false,200,0,0,,,76,1,true
21,https://handlemyfile.com/vi/excel-sang-pdf,Chuyển đổi Excel sang PDF trực tuyến - XLSX & XLS sang PDF cục bộ | HandleMyFile,text/html; charset=utf-8,false,200,0,0,,,80,1,true
21,https://handlemyfile.com/fr/recadrer-le-pdf,Recadrer le PDF en ligne - Supprimer les marges du PDF localement | HandleMyFile,text/html; charset=utf-8,false,200,0,0,,,80,1,true
21,https://handlemyfile.com/no/del-pdf,Del opp PDF på nett - Pakk ut sider separat | Personvern på klientsiden | HandleMyFile,text/html; charset=utf-8,false,200,0,0,,,86,1,true
21,https://handlemyfile.com/ru/szhat-pdf,Сжимайте PDF онлайн — уменьшите размер файла на 60–90% локально | HandleMyFile,text/html; charset=utf-8,false,200,0,0,,,78,1,true
21,https://handlemyfile.com/sv/pdf-till-bild,Konvertera PDF till JPG/PNG-bilder online - Extrahera sidor till ZIP | HandleMyFile,text/html; charset=utf-8,false,200,0,0,,,83,1,true
21,https://handlemyfile.com/ar/fth-mlf-pdf,فتح ملف PDF عبر الإنترنت - إزالة كلمة مرور ملف PDF محليًا | HandleMyFile,text/html; charset=utf-8,false,200,0,0,,,72,1,true
21,https://handlemyfile.com/it/pdf-diviso,Dividi PDF online: estrai le pagine separatamente | Privacy lato client | HandleMyFile,text/html; charset=utf-8,false,200,0,0,,,86,1,true
21,https://handlemyfile.com/pt/numeros-de-pagina,Adicionar números de página ao PDF - Cabeçalho e rodapé personalizados localmente | HandleMyFile,text/html; charset=utf-8,false,200,0,0,,,96,1,true
21,https://handlemyfile.com/hi/riektt-piiddiieph,Redact PDF - टेक्स्ट और छवियों को सुरक्षित रूप से ब्लैकआउट करें | HandleMyFile,text/html; charset=utf-8,false,200,0,0,,,78,1,true
21,https://handlemyfile.com/uk/excel-v-pdf,Конвертуйте Excel у PDF онлайн - XLSX і XLS у PDF локально | HandleMyFile,text/html; charset=utf-8,false,200,0,0,,,73,1,true
21,https://handlemyfile.com/sv/rotera-pdf,Rotera PDF-sidor online - Vänd PDF 90/180/270 grader lokalt | HandleMyFile,text/html; charset=utf-8,false,200,0,0,,,74,1,true
21,https://handlemyfile.com/ms/imbas-ke-pdf,Imbas ke PDF - Jadikan PDF Tidak Boleh Diedit & Rasterize Dalam Talian | HandleMyFile,text/html; charset=utf-8,false,200,0,0,,,85,1,true
21,https://handlemyfile.com/pt/ppt-para-pdf,Converta PowerPoint para PDF - Slides PPTX para PDF localmente | HandleMyFile,text/html; charset=utf-8,false,200,0,0,,,77,1,true
21,https://handlemyfile.com/no/vannmerke-pdf,Legg til vannmerke i PDF - Stempel egendefinert tekst eller bilde lokalt | HandleMyFile,text/html; charset=utf-8,false,200,0,0,,,87,1,true
21,https://handlemyfile.com/de/pdf-komprimieren,PDF online komprimieren – Dateigröße lokal um 60–90 % reduzieren | HandleMyFile,text/html; charset=utf-8,false,200,0,0,,,79,1,true
21,https://handlemyfile.com/tr/pdf-yi-kirp,PDF'yi Çevrimiçi Kırp - PDF'deki Kenar Boşluklarını Yerel Olarak Kaldır | HandleMyFile,text/html; charset=utf-8,false,200,0,0,,,86,1,true
21,https://handlemyfile.com/ru/vodyanoy-znak-pdf,Добавление водяного знака в PDF — печать пользовательского текста или изображения локально | HandleMyFile,text/html; charset=utf-8,false,200,0,0,,,105,1,true
21,https://handlemyfile.com/ms/ubah-saiz-pdf,Saiz semula Halaman PDF - Tukar Saiz Halaman PDF dan Margin | HandleMyFile,text/html; charset=utf-8,false,200,0,0,,,74,1,true
21,https://handlemyfile.com/sk/cisla-stran,Pridať čísla strán do PDF – vlastná hlavička a päta lokálne | HandleMyFile,text/html; charset=utf-8,false,200,0,0,,,74,1,true
21,https://handlemyfile.com/pt/pdf-para-imagem,Converta PDF em imagens JPG/PNG online - Extraia páginas para ZIP | HandleMyFile,text/html; charset=utf-8,false,200,0,0,,,80,1,true
21,https://handlemyfile.com/da/roter-pdf,Roter PDF-sider online - Vend PDF 90/180/270 grader lokalt | HandleMyFile,text/html; charset=utf-8,false,200,0,0,,,73,1,true
21,https://handlemyfile.com/hu/oldalak-eltavolitasa,PDF-oldalak eltávolítása online – Oldalak törlése a PDF-ből helyileg | HandleMyFile,text/html; charset=utf-8,false,200,0,0,,,83,1,true
21,https://handlemyfile.com/fi/ppt-pdf,Muunna PowerPoint PDF-muotoon - PPTX-diat PDF-muotoon paikallisesti | HandleMyFile,text/html; charset=utf-8,false,200,0,0,,,82,1,true
21,https://handlemyfile.com/no/roter-pdf,Roter PDF-sider på nett - Snu PDF 90/180/270 grader lokalt | HandleMyFile,text/html; charset=utf-8,false,200,0,0,,,73,1,true
21,https://handlemyfile.com/sv/signera-pdf,Signera PDF Online - Lägg till elektronisk signatur till PDF | HandleMyFile,text/html; charset=utf-8,false,200,0,0,,,75,1,true
21,https://handlemyfile.com/ro/imagine-in-pdf,Conversia JPG și PNG în PDF online - Imagini în PDF local | HandleMyFile,text/html; charset=utf-8,false,200,0,0,,,72,1,true
21,https://handlemyfile.com/da/aendr-storrelse-pa-pdf,Ændre størrelse på PDF-sider - Skift PDF-sidestørrelse og -margener | HandleMyFile,text/html; charset=utf-8,false,200,0,0,,,82,1,true
21,https://handlemyfile.com/it/pdf-ocr,OCR browser gratuito: estrae testo da PDF e immagini scansionati | HandleMyFile,text/html; charset=utf-8,false,200,0,0,,,79,1,true
21,https://handlemyfile.com/fi/jarjesta-pdf,Järjestä PDF Online - Lisää sivuja PDF-tiedostoon paikallisesti | HandleMyFile,text/html; charset=utf-8,false,200,0,0,,,78,1,true
21,https://handlemyfile.com/cs/odebrat-stranky,Odebrat stránky PDF online – odstranit stránky z PDF lokálně | HandleMyFile,text/html; charset=utf-8,false,200,0,0,,,75,1,true
21,https://handlemyfile.com/ms/buka-kunci-pdf,Buka kunci PDF Dalam Talian - Alih Keluar Kata Laluan PDF Secara Setempat | HandleMyFile,text/html; charset=utf-8,false,200,0,0,,,88,1,true
21,https://handlemyfile.com/tr/pdf-den-goruntuye,PDF'yi Çevrimiçi Olarak JPG/PNG Görüntülerine Dönüştürün - Sayfaları ZIP'e Çıkarın | HandleMyFile,text/html; charset=utf-8,false,200,0,0,,,97,1,true
21,https://handlemyfile.com/pl/pdf-ocr,Darmowy OCR w przeglądarce — wyodrębnij tekst ze zeskanowanych plików PDF i obrazów | HandleMyFile,text/html; charset=utf-8,false,200,0,0,,,98,1,true
21,https://handlemyfile.com/hi/saain-piiddiieph,पीडीएफ पर ऑनलाइन हस्ताक्षर करें - पीडीएफ में इलेक्ट्रॉनिक हस्ताक्षर जोड़ें | HandleMyFile,text/html; charset=utf-8,false,200,0,0,,,89,1,true
21,https://handlemyfile.com/el/klimaka-toy-gkri-pdf,Μετατροπή PDF σε κλίμακα του γκρι - Ασπρόμαυρο PDF Online | HandleMyFile,text/html; charset=utf-8,false,200,0,0,,,72,1,true
21,https://handlemyfile.com/de/pdf-umkehren,PDF-Seiten umkehren – PDF-Seitenreihenfolge rückwärts ändern | HandleMyFile,text/html; charset=utf-8,false,200,0,0,,,75,1,true
21,https://handlemyfile.com/el/allagi-megethoys-pdf,Αλλαγή μεγέθους σελίδων PDF - Αλλαγή μεγέθους σελίδας PDF και περιθωρίων | HandleMyFile,text/html; charset=utf-8,false,200,0,0,,,87,1,true
21,https://handlemyfile.com/pt/redimensionar-pdf,Redimensionar páginas PDF - Alterar tamanho e margens da página PDF | HandleMyFile,text/html; charset=utf-8,false,200,0,0,,,82,1,true
21,https://handlemyfile.com/watermark-pdf,Add Watermark to PDF - Stamp Custom Text or Image Locally | HandleMyFile,text/html; charset=utf-8,false,200,0,0,,,72,1,true
21,https://handlemyfile.com/ms/lindungi-pdf,Lindungi PDF Dalam Talian - Kata Laluan Lindungi PDF Setempat | HandleMyFile,text/html; charset=utf-8,false,200,0,0,,,76,1,true
21,https://handlemyfile.com/da/komprimer-pdf,Komprimer PDF online - Reducer filstørrelsen med 60-90 % lokalt | HandleMyFile,text/html; charset=utf-8,false,200,0,0,,,78,1,true
21,https://handlemyfile.com/el/ppt-se-pdf,Μετατροπή PowerPoint σε PDF - Διαφάνειες PPTX σε PDF Τοπικά | HandleMyFile,text/html; charset=utf-8,false,200,0,0,,,74,1,true
21,https://handlemyfile.com/ro/excel-in-csv,Convertor gratuit Excel în CSV (.xlsx în .csv) - Încărcări zero | HandleMyFile,text/html; charset=utf-8,false,200,0,0,,,78,1,true
21,https://handlemyfile.com/pt/excel-para-pdf,Converta Excel para PDF Online - XLSX e XLS para PDF localmente | HandleMyFile,text/html; charset=utf-8,false,200,0,0,,,78,1,true
21,https://handlemyfile.com/da/txt-til-pdf,Konverter TXT til PDF online - almindelig tekst til PDF-dokument | HandleMyFile,text/html; charset=utf-8,false,200,0,0,,,79,1,true
21,https://handlemyfile.com/ar/laalm-lmy-y-pdf,إضافة علامة مائية إلى PDF - ختم النص أو الصورة المخصصة محليًا | HandleMyFile,text/html; charset=utf-8,false,200,0,0,,,76,1,true
21,https://handlemyfile.com/de/ocr-pdf,Kostenlose Browser-OCR – Text aus gescannten PDFs und Bildern extrahieren | HandleMyFile,text/html; charset=utf-8,false,200,0,0,,,88,1,true
21,https://handlemyfile.com/it/ridimensiona-pdf,Ridimensiona le pagine PDF: modifica le dimensioni e i margini della pagina PDF | HandleMyFile,text/html; charset=utf-8,false,200,0,0,,,94,1,true
21,https://handlemyfile.com/fi/jaa-pdf,Split PDF Online - Pura sivut erikseen | Asiakaspuolen tietosuoja | HandleMyFile,text/html; charset=utf-8,false,200,0,0,,,80,1,true
21,https://handlemyfile.com/el/sarosi-se-pdf,Σάρωση σε PDF - Κάντε το PDF μη επεξεργάσιμο & Rasterize Online | HandleMyFile,text/html; charset=utf-8,false,200,0,0,,,78,1,true
21,https://handlemyfile.com/pl/zmien-rozmiar-pliku-pdf,Zmień rozmiar stron PDF — zmień rozmiar i marginesy strony PDF | HandleMyFile,text/html; charset=utf-8,false,200,0,0,,,77,1,true
21,https://handlemyfile.com/ar/pdf-word,Free PDF to Word Converter (.docx) Without Losing Formatting | HandleMyFile,text/html; charset=utf-8,false,200,0,0,,,75,1,true
21,https://handlemyfile.com/ru/izvlech-izobrazheniya,Извлечение изображений из PDF — сохранение всех изображений из PDF | HandleMyFile,text/html; charset=utf-8,false,200,0,0,,,81,1,true
21,https://handlemyfile.com/es/dividir-pdf,Dividir PDF en línea: extraer páginas por separado | Privacidad del lado del cliente | HandleMyFile,text/html; charset=utf-8,false,200,0,0,,,99,1,true
21,https://handlemyfile.com/edit-pdf,Free Online PDF Editor - Add Text & Images Locally | Zero Upload | HandleMyFile,text/html; charset=utf-8,false,200,0,0,,,79,1,true
21,https://handlemyfile.com/es/texto-a-pdf,Convierta TXT a PDF en línea: texto sin formato a documento PDF | HandleMyFile,text/html; charset=utf-8,false,200,0,0,,,78,1,true
21,https://handlemyfile.com/vi/quet-sang-pdf,Quét sang PDF - Tạo PDF không thể chỉnh sửa & Rasterize trực tuyến | HandleMyFile,text/html; charset=utf-8,false,200,0,0,,,81,1,true
21,https://handlemyfile.com/tr/pdf-yi-bol,PDF'yi Çevrimiçi Böl - Sayfaları Ayrı Ayrı Çıkart | İstemci Tarafı Gizliliği | HandleMyFile,text/html; charset=utf-8,false,200,0,0,,,91,1,true
21,https://handlemyfile.com/ms/pdf-songsang,Songsang Halaman PDF - Tukar Susunan Halaman PDF ke Belakang | HandleMyFile,text/html; charset=utf-8,false,200,0,0,,,75,1,true
21,https://handlemyfile.com/fr/excel-vers-csv,Convertisseur gratuit Excel en CSV (.xlsx en .csv) - Zéro téléchargements | HandleMyFile,text/html; charset=utf-8,false,200,0,0,,,88,1,true
21,https://handlemyfile.com/ms/putar-pdf,Putar Halaman PDF Dalam Talian - Putar PDF 90/180/270 Darjah Secara Tempatan | HandleMyFile,text/html; charset=utf-8,false,200,0,0,,,91,1,true
21,https://handlemyfile.com/hu/pdf-to-image,PDF konvertálása JPG/PNG képek formátumba online - Oldalak kibontása ZIP formátumba | HandleMyFile,text/html; charset=utf-8,false,200,0,0,,,98,1,true
21,https://handlemyfile.com/hu/ocr-pdf,Ingyenes böngésző OCR - Szöveg kivonat a beolvasott PDF-ből és képekből | HandleMyFile,text/html; charset=utf-8,false,200,0,0,,,86,1,true
21,https://handlemyfile.com/ms/imej-ke-pdf,Tukar JPG & PNG kepada PDF Dalam Talian - Imej kepada PDF Setempat | HandleMyFile,text/html; charset=utf-8,false,200,0,0,,,81,1,true
21,https://handlemyfile.com/ro/split-pdf,Split PDF Online - Extrage pagini separat | Confidențialitate la nivelul clientului | HandleMyFile,text/html; charset=utf-8,false,200,0,0,,,98,1,true
21,https://handlemyfile.com/es/comparar-pdf,Comparar PDF: encuentre diferencias entre dos archivos PDF | HandleMyFile,text/html; charset=utf-8,false,200,0,0,,,73,1,true
21,https://handlemyfile.com/he/mspry-mvdym,הוסף מספרי עמודים ל-PDF - כותרת עליונה ותחתונה מותאמות אישית באופן מקומי | HandleMyFile,text/html; charset=utf-8,false,200,0,0,,,87,1,true
21,https://handlemyfile.com/hi/piipiittii-se-piiddiieph,पावरपॉइंट को पीडीएफ में बदलें - पीपीटीएक्स स्लाइड्स को स्थानीय स्तर पर पीडीएफ में बदलें | HandleMyFile,text/html; charset=utf-8,false,200,0,0,,,102,1,true
21,https://handlemyfile.com/nl/paginanummers,Paginanummers toevoegen aan PDF - Aangepaste kop- en voettekst lokaal | HandleMyFile,text/html; charset=utf-8,false,200,0,0,,,84,1,true
21,https://handlemyfile.com/hu/image-to-pdf,JPG és PNG konvertálása PDF formátumba online - Képek helyileg PDF formátumba | HandleMyFile,text/html; charset=utf-8,false,200,0,0,,,92,1,true
21,https://handlemyfile.com/uk/ocr-pdf,Безкоштовне оптичне розпізнавання символів у веб-переглядачі – вилучення тексту зі сканованих PDF-файлів і зображень | HandleMyFile,text/html; charset=utf-8,false,200,0,0,,,131,1,true
21,https://handlemyfile.com/uk/porivnyati-pdf,Порівняти PDF - знайти відмінності між двома PDF-файлами | HandleMyFile,text/html; charset=utf-8,false,200,0,0,,,71,1,true
21,https://handlemyfile.com/cs/cisla-stranek,Přidat čísla stránek do PDF – vlastní záhlaví a zápatí lokálně | HandleMyFile,text/html; charset=utf-8,false,200,0,0,,,77,1,true
21,https://handlemyfile.com/id/tanda-air-pdf,Tambahkan Tanda Air ke PDF - Stempel Teks atau Gambar Khusus Secara Lokal | HandleMyFile,text/html; charset=utf-8,false,200,0,0,,,88,1,true
21,https://handlemyfile.com/cs/komprimovat-pdf,Komprimujte PDF online – zmenšete velikost souboru o 60–90 % lokálně | HandleMyFile,text/html; charset=utf-8,false,200,0,0,,,83,1,true
21,https://handlemyfile.com/fr/filigrane-pdf,Ajouter un filigrane au PDF - Tamponner un texte ou une image personnalisé localement | HandleMyFile,text/html; charset=utf-8,false,200,0,0,,,100,1,true
21,https://handlemyfile.com/fr/supprimer-des-pages,Supprimer des pages PDF en ligne - Supprimer des pages d'un PDF localement | HandleMyFile,text/html; charset=utf-8,false,200,0,0,,,89,1,true
21,https://handlemyfile.com/uk/pdf-v-zobrazhennya,Перетворюйте зображення PDF у JPG/PNG онлайн – видобувайте сторінки в ZIP | HandleMyFile,text/html; charset=utf-8,false,200,0,0,,,88,1,true
21,https://handlemyfile.com/id/ppt-ke-pdf,Konversi PowerPoint ke PDF - Slide PPTX ke PDF Secara Lokal | HandleMyFile,text/html; charset=utf-8,false,200,0,0,,,74,1,true
21,https://handlemyfile.com/uk/pdf-v-ppt,Безкоштовний конвертер PDF у PowerPoint (.pptx) – нульове завантаження | HandleMyFile,text/html; charset=utf-8,false,200,0,0,,,85,1,true
21,https://handlemyfile.com/hu/pdf-alairasa,PDF aláírása online – Elektronikus aláírás hozzáadása a PDF-hez | HandleMyFile,text/html; charset=utf-8,false,200,0,0,,,78,1,true
21,https://handlemyfile.com/hu/remove-metadata,PDF-metaadatok eltávolítása – Tulajdonságok fertőtlenítése online | HandleMyFile,text/html; charset=utf-8,false,200,0,0,,,80,1,true
21,https://handlemyfile.com/hi/txt-se-piiddiieph,TXT को ऑनलाइन पीडीएफ में बदलें - सादा पाठ को पीडीएफ दस्तावेज़ में | HandleMyFile,text/html; charset=utf-8,false,200,0,0,,,80,1,true
21,https://handlemyfile.com/ru/pdf-word,Free PDF to Word Converter (.docx) Without Losing Formatting | HandleMyFile,text/html; charset=utf-8,false,200,0,0,,,75,1,true
21,https://handlemyfile.com/es/excel-a-csv,Convertidor gratuito de Excel a CSV (.xlsx a .csv): cero cargas | HandleMyFile,text/html; charset=utf-8,false,200,0,0,,,78,1,true
21,https://handlemyfile.com/cs/skenovani-do-pdf,Skenování do PDF – Udělejte PDF neupravitelným a rastrujte online | HandleMyFile,text/html; charset=utf-8,false,200,0,0,,,80,1,true
21,https://handlemyfile.com/es/eliminar-paginas,Eliminar páginas PDF en línea: eliminar páginas de PDF localmente | HandleMyFile,text/html; charset=utf-8,false,200,0,0,,,80,1,true
21,https://handlemyfile.com/sv/pdf-till-ppt,Gratis PDF till PowerPoint Converter (.pptx) - Noll uppladdningar | HandleMyFile,text/html; charset=utf-8,false,200,0,0,,,80,1,true
21,https://handlemyfile.com/ms/alih-keluar-halaman,Alih Keluar Halaman PDF Dalam Talian - Padam Halaman daripada PDF Setempat | HandleMyFile,text/html; charset=utf-8,false,200,0,0,,,89,1,true
21,https://handlemyfile.com/ru/txt-v-pdf,Конвертировать TXT в PDF онлайн — обычный текст в PDF-документ | HandleMyFile,text/html; charset=utf-8,false,200,0,0,,,77,1,true
21,https://handlemyfile.com/ar/ltaarf-ldwy-y-aal~-lhrwf-pdf,متصفح مجاني للتعرف الضوئي على الحروف - استخراج النص من ملفات PDF والصور الممسوحة ضوئيًا | HandleMyFile,text/html; charset=utf-8,false,200,0,0,,,102,1,true
21,https://handlemyfile.com/sk/zmenit-velkost-pdf,Zmeniť veľkosť strán PDF – Zmeniť veľkosť a okraje stránky PDF | HandleMyFile,text/html; charset=utf-8,false,200,0,0,,,77,1,true
21,https://handlemyfile.com/fr/ppt-en-pdf,Convertir PowerPoint en PDF - Diapositives PPTX en PDF localement | HandleMyFile,text/html; charset=utf-8,false,200,0,0,,,80,1,true
21,https://handlemyfile.com/ro/filigran-pdf,Adăugați filigran la PDF - ștampilați local text sau imagine personalizat | HandleMyFile,text/html; charset=utf-8,false,200,0,0,,,88,1,true
21,https://handlemyfile.com/el/sygkrisi-pdf,Συγκρίνετε PDF - Βρείτε τις διαφορές μεταξύ δύο αρχείων PDF | HandleMyFile,text/html; charset=utf-8,false,200,0,0,,,74,1,true
21,https://handlemyfile.com/it/excel-in-csv,Convertitore gratuito da Excel a CSV (da .xlsx a .csv) - Caricamenti zero | HandleMyFile,text/html; charset=utf-8,false,200,0,0,,,88,1,true
21,https://handlemyfile.com/it/ritaglia-pdf,Ritaglia PDF online: rimuovi i margini dal PDF localmente | HandleMyFile,text/html; charset=utf-8,false,200,0,0,,,72,1,true
21,https://handlemyfile.com/hi/siiesvii-se-eksel,निःशुल्क सीएसवी से एक्सेल कन्वर्टर (.xlsx) - त्वरित ब्राउज़र इंजन | HandleMyFile,text/html; charset=utf-8,false,200,0,0,,,80,1,true
21,https://handlemyfile.com/el/ypografi-pdf,Υπογραφή PDF Online - Προσθήκη Ηλεκτρονικής Υπογραφής σε PDF | HandleMyFile,text/html; charset=utf-8,false,200,0,0,,,75,1,true
21,https://handlemyfile.com/pl/kompresuj-pdf,Kompresuj pliki PDF online — zmniejsz rozmiar pliku lokalnie o 60–90% | HandleMyFile,text/html; charset=utf-8,false,200,0,0,,,84,1,true
21,https://handlemyfile.com/vi/thay-doi-kich-thuoc-pdf,Thay đổi kích thước trang PDF - Thay đổi kích thước và lề trang PDF | HandleMyFile,text/html; charset=utf-8,false,200,0,0,,,82,1,true
21,https://handlemyfile.com/ms/excel-kepada-pdf,Tukar Excel kepada PDF Dalam Talian - XLSX & XLS kepada PDF Setempat | HandleMyFile,text/html; charset=utf-8,false,200,0,0,,,83,1,true
21,https://handlemyfile.com/pt/desbloquear-pdf,Desbloqueie PDF Online - Remova a senha do PDF localmente | HandleMyFile,text/html; charset=utf-8,false,200,0,0,,,72,1,true
21,https://handlemyfile.com/fi/pdf-wordiksi-menett-m-tt-muotoilua,Free PDF to Word Converter (.docx) Without Losing Formatting | HandleMyFile,text/html; charset=utf-8,false,200,0,0,,,75,1,true
21,https://handlemyfile.com/ms/ocr-pdf,OCR Pelayar Percuma - Ekstrak Teks daripada PDF & Imej Diimbas | HandleMyFile,text/html; charset=utf-8,false,200,0,0,,,77,1,true
21,https://handlemyfile.com/de/pdf-vergleichen,PDF vergleichen - Unterschiede zwischen zwei PDFs finden | HandleMyFile,text/html; charset=utf-8,false,200,0,0,,,71,1,true
21,https://handlemyfile.com/sv/bild-till-pdf,Konvertera JPG & PNG till PDF Online - Bilder till PDF lokalt | HandleMyFile,text/html; charset=utf-8,false,200,0,0,,,76,1,true
21,https://handlemyfile.com/tr/sayfa-numaralari,PDF'ye Sayfa Numaraları Ekleme - Yerel Olarak Özel Üstbilgi ve Altbilgi | HandleMyFile,text/html; charset=utf-8,false,200,0,0,,,86,1,true
21,https://handlemyfile.com/da/vandmaerke-pdf,Føj vandmærke til PDF - Stempel tilpasset tekst eller billede lokalt | HandleMyFile,text/html; charset=utf-8,false,200,0,0,,,83,1,true
21,https://handlemyfile.com/no/txt-til-pdf,Konverter TXT til PDF Online - Ren tekst til PDF-dokument | HandleMyFile,text/html; charset=utf-8,false,200,0,0,,,72,1,true
21,https://handlemyfile.com/el/txt-se-pdf,Μετατροπή TXT σε PDF Online - Απλό κείμενο σε έγγραφο PDF | HandleMyFile,text/html; charset=utf-8,false,200,0,0,,,72,1,true
21,https://handlemyfile.com/uk/rozdiliti-pdf,Розділіть PDF онлайн - витягніть сторінки окремо | Конфіденційність на стороні клієнта | HandleMyFile,text/html; charset=utf-8,false,200,0,0,,,101,1,true
21,https://handlemyfile.com/ar/qs-mlf-pdf,قص ملف PDF عبر الإنترنت - إزالة الهوامش من ملف PDF محليًا | HandleMyFile,text/html; charset=utf-8,false,200,0,0,,,72,1,true
21,https://handlemyfile.com/nl/ocr-pdf,Gratis browser-OCR - Tekst extraheren uit gescande PDF's en afbeeldingen | HandleMyFile,text/html; charset=utf-8,false,200,0,0,,,87,1,true
21,https://handlemyfile.com/pl/podziel-plik-pdf,Podziel plik PDF online — wyodrębnij strony osobno | Prywatność po stronie klienta | HandleMyFile,text/html; charset=utf-8,false,200,0,0,,,97,1,true
21,https://handlemyfile.com/tr/meta-verileri-kaldir,PDF Meta Verilerini Kaldır - Özellikleri Çevrimiçi Temizleme | HandleMyFile,text/html; charset=utf-8,false,200,0,0,,,75,1,true
21,https://handlemyfile.com/sk/ocr-pdf,Bezplatný prehliadač OCR – extrahovanie textu z naskenovaného PDF a obrázkov | HandleMyFile,text/html; charset=utf-8,false,200,0,0,,,91,1,true
21,https://handlemyfile.com/no/signer-pdf,Signer PDF Online - Legg til elektronisk signatur til PDF | HandleMyFile,text/html; charset=utf-8,false,200,0,0,,,72,1,true
21,https://handlemyfile.com/uk/zvorotniy-pdf,Перевернути сторінки PDF - змінити порядок сторінок PDF у зворотному порядку | HandleMyFile,text/html; charset=utf-8,false,200,0,0,,,91,1,true
21,https://handlemyfile.com/da/excel-til-pdf,Konverter Excel til PDF online - XLSX & XLS til PDF lokalt | HandleMyFile,text/html; charset=utf-8,false,200,0,0,,,73,1,true
21,https://handlemyfile.com/el/antistrofi-pdf,Αντιστροφή σελίδων PDF - Αλλαγή σειράς σελίδων PDF προς τα πίσω | HandleMyFile,text/html; charset=utf-8,false,200,0,0,,,78,1,true
21,https://handlemyfile.com/ru/nomera-stranic,Добавление номеров страниц в PDF — локальный верхний и нижний колонтитулы | HandleMyFile,text/html; charset=utf-8,false,200,0,0,,,88,1,true
21,https://handlemyfile.com/he/srvq-l-pdf,סרוק ל-PDF - הפוך את PDF לבלתי ניתן לעריכה ורסטר באינטרנט | HandleMyFile,text/html; charset=utf-8,false,200,0,0,,,72,1,true
21,https://handlemyfile.com/th/pdf-epn-ppt,ฟรี PDF to PowerPoint Converter (.pptx) - การอัพโหลดเป็นศูนย์ | HandleMyFile,text/html; charset=utf-8,false,200,0,0,,,76,1,true
21,https://handlemyfile.com/it/rimuovi-pagine,Rimuovi pagine PDF online - Elimina pagine da PDF localmente | HandleMyFile,text/html; charset=utf-8,false,200,0,0,,,75,1,true
21,https://handlemyfile.com/ar/tdrj-lrmdy-pdf,تحويل ملف PDF إلى تدرج الرمادي - ملف PDF بالأبيض والأسود عبر الإنترنت | HandleMyFile,text/html; charset=utf-8,false,200,0,0,,,84,1,true
21,https://handlemyfile.com/vi/dao-nguoc-pdf,Đảo ngược các trang PDF - Thay đổi thứ tự trang PDF ngược | HandleMyFile,text/html; charset=utf-8,false,200,0,0,,,72,1,true
21,https://handlemyfile.com/pl/odblokuj-pdf,Odblokuj plik PDF online — usuń hasło z pliku PDF lokalnie | HandleMyFile,text/html; charset=utf-8,false,200,0,0,,,73,1,true
21,https://handlemyfile.com/he/svbb-pdf,סובב דפי PDF באינטרנט - הפוך את PDF ל-90/180/270 מעלות באופן מקומי | HandleMyFile,text/html; charset=utf-8,false,200,0,0,,,81,1,true
21,https://handlemyfile.com/tr/bi-imlendirmeyi-kaybetmeden-pdf-yi-word-e-d-n-t-rme,Free PDF to Word Converter (.docx) Without Losing Formatting | HandleMyFile,text/html; charset=utf-8,false,200,0,0,,,75,1,true
21,https://handlemyfile.com/hi/piiddiieph-ko-surkssit-rkhen,पीडीएफ को ऑनलाइन सुरक्षित रखें - पासवर्ड पीडीएफ को स्थानीय रूप से सुरक्षित रखें | HandleMyFile,text/html; charset=utf-8,false,200,0,0,,,94,1,true
21,https://handlemyfile.com/tr/gri-tonlamali-pdf,PDF'yi Gri Tonlamaya Dönüştürme - Çevrimiçi Siyah Beyaz PDF | HandleMyFile,text/html; charset=utf-8,false,200,0,0,,,74,1,true
21,https://handlemyfile.com/he/excel-l-pdf,המר את Excel ל-PDF באינטרנט - XLSX ו-XLS ל-PDF באופן מקומי | HandleMyFile,text/html; charset=utf-8,false,200,0,0,,,73,1,true
21,https://handlemyfile.com/pl/pdf-na-s-owo-bez-utraty-formatowania,Free PDF to Word Converter (.docx) Without Losing Formatting | HandleMyFile,text/html; charset=utf-8,false,200,0,0,,,75,1,true
21,https://handlemyfile.com/sk/skenovanie-do-pdf,Skenovanie do PDF – urobte PDF neupraviteľným a rastrujte online | HandleMyFile,text/html; charset=utf-8,false,200,0,0,,,79,1,true
21,https://handlemyfile.com/sv/excel-till-csv,Gratis Excel till CSV-konverterare (.xlsx till .csv) - Noll uppladdningar | HandleMyFile,text/html; charset=utf-8,false,200,0,0,,,88,1,true
21,https://handlemyfile.com/el/sympiesi-pdf,Συμπίεση PDF Online - Μειώστε το μέγεθος του αρχείου κατά 60-90% τοπικά | HandleMyFile,text/html; charset=utf-8,false,200,0,0,,,86,1,true
21,https://handlemyfile.com/fi/csv-sta-exceliin,Ilmainen CSV to Excel Converter (.xlsx) - Instant Browser Engine | HandleMyFile,text/html; charset=utf-8,false,200,0,0,,,79,1,true
21,https://handlemyfile.com/hi/piiddiieph-kaatten,पीडीएफ को ऑनलाइन क्रॉप करें - स्थानीय रूप से पीडीएफ से मार्जिन हटाएं | HandleMyFile,text/html; charset=utf-8,false,200,0,0,,,83,1,true
21,https://handlemyfile.com/ocr-pdf,Free Browser OCR - Extract Text from Scanned PDF & Images | HandleMyFile,text/html; charset=utf-8,false,200,0,0,,,72,1,true
21,https://handlemyfile.com/pl/organizuj-pdf,Organizuj pliki PDF online — wstawiaj strony do plików PDF lokalnie | HandleMyFile,text/html; charset=utf-8,false,200,0,0,,,82,1,true
21,https://handlemyfile.com/ja/pdf-word,Free PDF to Word Converter (.docx) Without Losing Formatting | HandleMyFile,text/html; charset=utf-8,false,200,0,0,,,75,1,true
21,https://handlemyfile.com/ar/ksl-l~-csv,محول مجاني من Excel إلى CSV (.xlsx إلى .csv) - صفر تحميلات | HandleMyFile,text/html; charset=utf-8,false,200,0,0,,,73,1,true
21,https://handlemyfile.com/de/seitenzahlen,Seitenzahlen zu PDF hinzufügen – Lokale benutzerdefinierte Kopf- und Fußzeile | HandleMyFile,text/html; charset=utf-8,false,200,0,0,,,92,1,true
21,https://handlemyfile.com/el/exagogi-eikonon,Εξαγωγή εικόνων από PDF - Αποθήκευση όλων των εικόνων από PDF | HandleMyFile,text/html; charset=utf-8,false,200,0,0,,,76,1,true
21,https://handlemyfile.com/uk/povernuti-pdf,Повертайте PDF-сторінки в Інтернеті - локально повертайте PDF-файли на 90/180/270 градусів | HandleMyFile,text/html; charset=utf-8,false,200,0,0,,,105,1,true
21,https://handlemyfile.com/sk/ppt-do-pdf,Konvertovať PowerPoint do PDF – PPTX Slides to PDF lokálne | HandleMyFile,text/html; charset=utf-8,false,200,0,0,,,73,1,true
21,https://handlemyfile.com/nl/pdf-bijsnijden,PDF online bijsnijden - Marges lokaal uit PDF verwijderen | HandleMyFile,text/html; charset=utf-8,false,200,0,0,,,72,1,true
21,https://handlemyfile.com/hi/mettaaddettaa-httaaen,पीडीएफ मेटाडेटा हटाएं - संपत्तियों को ऑनलाइन सैनिटाइज करें | HandleMyFile,text/html; charset=utf-8,false,200,0,0,,,73,1,true
21,https://handlemyfile.com/nl/excel-naar-pdf,Converteer Excel online naar PDF - XLSX en XLS lokaal naar PDF | HandleMyFile,text/html; charset=utf-8,false,200,0,0,,,77,1,true
21,https://handlemyfile.com/no/pdf-til-ppt,Gratis PDF til PowerPoint Converter (.pptx) - Null opplastinger | HandleMyFile,text/html; charset=utf-8,false,200,0,0,,,78,1,true
21,https://handlemyfile.com/ms/pdf-ke-perkataan-tanpa-kehilangan-pemformatan,Free PDF to Word Converter (.docx) Without Losing Formatting | HandleMyFile,text/html; charset=utf-8,false,200,0,0,,,75,1,true
21,https://handlemyfile.com/csv-to-excel,Free CSV to Excel Converter (.xlsx) - Instant Browser Engine | HandleMyFile,text/html; charset=utf-8,false,200,0,0,,,75,1,true
21,https://handlemyfile.com/pl/podpisz-pdf,Podpisz PDF online — dodaj podpis elektroniczny do pliku PDF | HandleMyFile,text/html; charset=utf-8,false,200,0,0,,,75,1,true
21,https://handlemyfile.com/ms/ekstrak-imej,Ekstrak Imej daripada PDF - Simpan Semua Gambar daripada PDF | HandleMyFile,text/html; charset=utf-8,false,200,0,0,,,75,1,true
21,https://handlemyfile.com/hu/vizjel-pdf,Vízjel hozzáadása a PDF-hez – Egyéni szöveg vagy kép bélyegzése helyileg | HandleMyFile,text/html; charset=utf-8,false,200,0,0,,,87,1,true
21,https://handlemyfile.com/el/ocr-pdf,Δωρεάν OCR προγράμματος περιήγησης - Εξαγωγή κειμένου από σαρωμένο PDF & εικόνες | HandleMyFile,text/html; charset=utf-8,false,200,0,0,,,95,1,true
21,https://handlemyfile.com/pl/excel-do-pdf,Konwertuj program Excel do formatu PDF online — XLSX i XLS do formatu PDF lokalnie | HandleMyFile,text/html; charset=utf-8,false,200,0,0,,,97,1,true
21,https://handlemyfile.com/ar/tdwyr-pdf,تدوير صفحات PDF عبر الإنترنت - تحويل PDF إلى 90/180/270 درجة محليًا | HandleMyFile,text/html; charset=utf-8,false,200,0,0,,,82,1,true
21,https://handlemyfile.com/es/comprimir-pdf,Comprima PDF en línea: reduzca el tamaño del archivo entre un 60 y un 90 % localmente | HandleMyFile,text/html; charset=utf-8,false,200,0,0,,,100,1,true
21,https://handlemyfile.com/ro/rotiti-pdf,Rotiți paginile PDF online - Rotiți PDF-ul la 90/180/270 de grade local | HandleMyFile,text/html; charset=utf-8,false,200,0,0,,,86,1,true
21,https://handlemyfile.com/hi/osiiaar-piiddiieph,मुफ़्त ब्राउज़र ओसीआर - स्कैन की गई पीडीएफ और छवियों से टेक्स्ट निकालें | HandleMyFile,text/html; charset=utf-8,false,200,0,0,,,86,1,true
21,https://handlemyfile.com/nl/pdf-naar-afbeelding,Converteer PDF naar JPG/PNG-afbeeldingen online - Pagina's uitpakken naar ZIP | HandleMyFile,text/html; charset=utf-8,false,200,0,0,,,92,1,true
21,https://handlemyfile.com/es/csv-a-excel,Convertidor gratuito de CSV a Excel (.xlsx) - Motor de navegador instantáneo | HandleMyFile,text/html; charset=utf-8,false,200,0,0,,,91,1,true
21,https://handlemyfile.com/ro/redimensionati-pdf,Redimensionați paginile PDF - Schimbați dimensiunea paginii PDF și marginile | HandleMyFile,text/html; charset=utf-8,false,200,0,0,,,91,1,true
21,https://handlemyfile.com/compress-pdf,Compress PDF Online - Reduce File Size by 60-90% Locally | HandleMyFile,text/html; charset=utf-8,false,200,0,0,,,71,1,true
21,https://handlemyfile.com/sv/pdf-till-word-utan-att-f-rlora-formatering,Free PDF to Word Converter (.docx) Without Losing Formatting | HandleMyFile,text/html; charset=utf-8,false,200,0,0,,,75,1,true
21,https://handlemyfile.com/sk/komprimovat-pdf,Komprimujte PDF online – Znížte veľkosť súboru o 60 – 90 % lokálne | HandleMyFile,text/html; charset=utf-8,false,200,0,0,,,81,1,true
21,https://handlemyfile.com/no/skann-til-pdf,Skann til PDF - Gjør PDF uredigerbar og rasteriser online | HandleMyFile,text/html; charset=utf-8,false,200,0,0,,,72,1,true
21,https://handlemyfile.com/pt/remover-paginas,Remover páginas de PDF online - Excluir páginas de PDF localmente | HandleMyFile,text/html; charset=utf-8,false,200,0,0,,,80,1,true
21,https://handlemyfile.com/ro/pdf-n-word-f-r-a-pierde-formatarea,Free PDF to Word Converter (.docx) Without Losing Formatting | HandleMyFile,text/html; charset=utf-8,false,200,0,0,,,75,1,true
21,https://handlemyfile.com/hu/resize-pdf,PDF-oldalak átméretezése – PDF-oldalméret és margók módosítása | HandleMyFile,text/html; charset=utf-8,false,200,0,0,,,77,1,true
21,https://handlemyfile.com/es/proteger-pdf,Proteger PDF en línea - Proteger PDF con contraseña localmente | HandleMyFile,text/html; charset=utf-8,false,200,0,0,,,77,1,true
21,https://handlemyfile.com/fi/pdf-to-ppt,Ilmainen PDF to PowerPoint Converter (.pptx) - Nolla latausta | HandleMyFile,text/html; charset=utf-8,false,200,0,0,,,76,1,true
21,https://handlemyfile.com/ar/zl-lsfht,إزالة صفحات PDF عبر الإنترنت - حذف الصفحات من PDF محليًا | HandleMyFile,text/html; charset=utf-8,false,200,0,0,,,71,1,true
21,https://handlemyfile.com/sv/ta-bort-sidor,Ta bort PDF-sidor online - Ta bort sidor från PDF lokalt | HandleMyFile,text/html; charset=utf-8,false,200,0,0,,,71,1,true
21,https://handlemyfile.com/no/ppt-til-pdf,Konverter PowerPoint til PDF - PPTX-lysbilder til PDF lokalt | HandleMyFile,text/html; charset=utf-8,false,200,0,0,,,75,1,true
21,https://handlemyfile.com/el/katargisi-selidon,Κατάργηση σελίδων PDF Online - Διαγραφή σελίδων από PDF Τοπικά | HandleMyFile,text/html; charset=utf-8,false,200,0,0,,,77,1,true
21,https://handlemyfile.com/vi/pdf-thang-do-xam,Chuyển đổi PDF sang thang độ xám - PDF đen trắng trực tuyến | HandleMyFile,text/html; charset=utf-8,false,200,0,0,,,74,1,true
21,https://handlemyfile.com/fi/vesileima-pdf,Lisää vesileima PDF-tiedostoon - leimaa mukautettu teksti tai kuva paikallisesti | HandleMyFile,text/html; charset=utf-8,false,200,0,0,,,95,1,true
21,https://handlemyfile.com/ms/alih-keluar-metadata,Alih Keluar Metadata PDF - Bersihkan Hartanah Dalam Talian | HandleMyFile,text/html; charset=utf-8,false,200,0,0,,,73,1,true
21,https://handlemyfile.com/da/ppt-til-pdf,Konverter PowerPoint til PDF - PPTX Slides til PDF lokalt | HandleMyFile,text/html; charset=utf-8,false,200,0,0,,,72,1,true
21,https://handlemyfile.com/ms/pdf-tera-air,Tambahkan Tera Air pada PDF - Cop Teks atau Imej Tersuai Secara Setempat | HandleMyFile,text/html; charset=utf-8,false,200,0,0,,,87,1,true
21,https://handlemyfile.com/th/laaynam-pdf,เพิ่มลายน้ำลงใน PDF - ประทับตราข้อความหรือรูปภาพที่กำหนดเองในเครื่อง | HandleMyFile,text/html; charset=utf-8,false,200,0,0,,,83,1,true
21,https://handlemyfile.com/ms/pdf-ke-imej,Tukar Imej PDF kepada JPG/PNG Dalam Talian - Ekstrak Halaman ke ZIP | HandleMyFile,text/html; charset=utf-8,false,200,0,0,,,82,1,true
21,https://handlemyfile.com/fr/redimensionner-le-pdf,Redimensionner les pages PDF - Modifier la taille et les marges des pages PDF | HandleMyFile,text/html; charset=utf-8,false,200,0,0,,,92,1,true
21,https://handlemyfile.com/de/pdf-grosse-andern,Größe von PDF-Seiten ändern – Größe und Ränder von PDF-Seiten ändern | HandleMyFile,text/html; charset=utf-8,false,200,0,0,,,83,1,true
21,https://handlemyfile.com/fi/pdf-kuvaksi,Muunna PDF JPG/PNG-kuviksi verkossa - Pura sivut ZIP-muotoon | HandleMyFile,text/html; charset=utf-8,false,200,0,0,,,75,1,true
21,https://handlemyfile.com/no/komprimer-pdf,Komprimer PDF på nett – Reduser filstørrelsen med 60-90 % lokalt | HandleMyFile,text/html; charset=utf-8,false,200,0,0,,,79,1,true
21,https://handlemyfile.com/ru/razdelit-pdf,Разделить PDF онлайн — извлечь страницы отдельно | Конфиденциальность на стороне клиента | HandleMyFile,text/html; charset=utf-8,false,200,0,0,,,103,1,true
21,https://handlemyfile.com/sv/csv-till-excel,Gratis CSV till Excel Converter (.xlsx) - Instant Browser Engine | HandleMyFile,text/html; charset=utf-8,false,200,0,0,,,79,1,true
21,https://handlemyfile.com/pl/obraz-do-pliku-pdf,Konwertuj pliki JPG i PNG do formatu PDF online — obrazy do formatu PDF lokalnie | HandleMyFile,text/html; charset=utf-8,false,200,0,0,,,95,1,true
21,https://handlemyfile.com/pl/ppt-do-pdf,Konwertuj program PowerPoint do formatu PDF — slajdy PPTX do formatu PDF lokalnie | HandleMyFile,text/html; charset=utf-8,false,200,0,0,,,96,1,true
21,https://handlemyfile.com/el/eikona-se-pdf,Μετατροπή JPG & PNG σε PDF Online - Εικόνες σε PDF Τοπικά | HandleMyFile,text/html; charset=utf-8,false,200,0,0,,,72,1,true
21,https://handlemyfile.com/no/ocr-pdf,Gratis nettleser OCR - Trekk ut tekst fra skannede PDF og bilder | HandleMyFile,text/html; charset=utf-8,false,200,0,0,,,79,1,true
21,https://handlemyfile.com/pl/csv-do-excela,Darmowy konwerter plików CSV na Excel (.xlsx) — silnik przeglądarki błyskawicznej | HandleMyFile,text/html; charset=utf-8,false,200,0,0,,,96,1,true
21,https://handlemyfile.com/ro/scanati-in-pdf,Scanare în PDF - Faceți PDF needitabil și Rasterizați online | HandleMyFile,text/html; charset=utf-8,false,200,0,0,,,75,1,true
21,https://handlemyfile.com/ru/ocr-pdf,Бесплатное распознавание текста в браузере — извлечение текста из отсканированных PDF-файлов и изображений | HandleMyFile,text/html; charset=utf-8,false,200,0,0,,,121,1,true
21,https://handlemyfile.com/fi/allekirjoita-pdf,Allekirjoita PDF verkossa - Lisää sähköinen allekirjoitus PDF-tiedostoon | HandleMyFile,text/html; charset=utf-8,false,200,0,0,,,87,1,true
21,https://handlemyfile.com/es/organizar-pdf,Organice PDF en línea: inserte páginas en PDF localmente | HandleMyFile,text/html; charset=utf-8,false,200,0,0,,,71,1,true
21,https://handlemyfile.com/da/ocr-pdf,Gratis browser OCR - Udtræk tekst fra scannede PDF og billeder | HandleMyFile,text/html; charset=utf-8,false,200,0,0,,,77,1,true
21,https://handlemyfile.com/de/als-pdf-scannen,In PDF scannen – PDF unbearbeitbar machen und online rastern | HandleMyFile,text/html; charset=utf-8,false,200,0,0,,,75,1,true
21,https://handlemyfile.com/cs/otocit-pdf,Otočit stránky PDF online – Otočit PDF o 90/180/270 stupňů lokálně | HandleMyFile,text/html; charset=utf-8,false,200,0,0,,,81,1,true
21,https://handlemyfile.com/th/saeknepn-pdf,สแกนเป็น PDF - ทำให้ PDF ไม่สามารถแก้ไขได้ & แรสเตอร์ออนไลน์ | HandleMyFile,text/html; charset=utf-8,false,200,0,0,,,75,1,true
21,https://handlemyfile.com/merge-pdf,Free Online PDF Merger - Combine PDF Files Locally | Zero Upload | HandleMyFile,text/html; charset=utf-8,false,200,0,0,,,79,1,true
21,https://handlemyfile.com/sv/ppt-till-pdf,Konvertera PowerPoint till PDF - PPTX-bilder till PDF lokalt | HandleMyFile,text/html; charset=utf-8,false,200,0,0,,,75,1,true
21,https://handlemyfile.com/de/bilder-extrahieren,Bilder aus PDF extrahieren – Alle Bilder aus PDF speichern | HandleMyFile,text/html; charset=utf-8,false,200,0,0,,,73,1,true
21,https://handlemyfile.com/vi/pdf-sang-word-m-kh-ng-m-t-nh-d-ng,Free PDF to Word Converter (.docx) Without Losing Formatting | HandleMyFile,text/html; charset=utf-8,false,200,0,0,,,75,1,true
21,https://handlemyfile.com/tr/pdf-yi-duzenle,PDF'yi Çevrimiçi Düzenleyin - Sayfaları PDF'ye Yerel Olarak Ekle | HandleMyFile,text/html; charset=utf-8,false,200,0,0,,,79,1,true
21,https://handlemyfile.com/tr/excel-den-csv-ye,Ücretsiz Excel'den CSV'ye Dönüştürücü (.xlsx'ten .csv'ye) - Sıfır Yükleme | HandleMyFile,text/html; charset=utf-8,false,200,0,0,,,88,1,true
21,https://handlemyfile.com/vi/ppt-sang-pdf,Chuyển PowerPoint sang PDF - PPTX Slides sang PDF cục bộ | HandleMyFile,text/html; charset=utf-8,false,200,0,0,,,71,1,true
21,https://handlemyfile.com/hu/pdf-osszehasonlitasa,PDF összehasonlítása – Keressen különbségeket két PDF között | HandleMyFile,text/html; charset=utf-8,false,200,0,0,,,75,1,true
21,https://handlemyfile.com/sv/andra-storlek-pa-pdf,Ändra storlek på PDF-sidor - Ändra PDF-sidstorlek och marginaler | HandleMyFile,text/html; charset=utf-8,false,200,0,0,,,79,1,true
21,https://handlemyfile.com/ms/pdf-skala-kelabu,Tukar PDF kepada Skala Kelabu - PDF Hitam Putih Dalam Talian | HandleMyFile,text/html; charset=utf-8,false,200,0,0,,,75,1,true
21,https://handlemyfile.com/de/seiten-entfernen,PDF-Seiten online entfernen – Seiten lokal aus PDF löschen | HandleMyFile,text/html; charset=utf-8,false,200,0,0,,,73,1,true
21,https://handlemyfile.com/ms/tandatangan-pdf,Tandatangan PDF Dalam Talian - Tambahkan Tandatangan Elektronik pada PDF | HandleMyFile,text/html; charset=utf-8,false,200,0,0,,,87,1,true
21,https://handlemyfile.com/ar/zl-lbynt-ltaaryfy,إزالة البيانات التعريفية لملف PDF - تعقيم الخصائص عبر الإنترنت | HandleMyFile,text/html; charset=utf-8,false,200,0,0,,,77,1,true
21,https://handlemyfile.com/pl/skanuj-do-pliku-pdf,Skanuj do pliku PDF — uniemożliwiaj edycję pliku PDF i rasteryzuj online | HandleMyFile,text/html; charset=utf-8,false,200,0,0,,,87,1,true
21,https://handlemyfile.com/nl/pdf-roteren,PDF-pagina's online roteren - PDF lokaal 90/180/270 graden draaien | HandleMyFile,text/html; charset=utf-8,false,200,0,0,,,81,1,true
21,https://handlemyfile.com/sv/dela-pdf,Dela PDF Online - Extrahera sidor separat | Integritet på klientsidan | HandleMyFile,text/html; charset=utf-8,false,200,0,0,,,84,1,true
21,https://handlemyfile.com/fi/skannaa-pdf-muotoon,Skannaa PDF-muotoon - Tee PDF-tiedostosta muokkauskelvoton ja rasteroi verkossa | HandleMyFile,text/html; charset=utf-8,false,200,0,0,,,94,1,true
21,https://handlemyfile.com/pt/pdf-de-marca-d-agua,Adicionar marca d'água ao PDF - carimbar texto ou imagem personalizada localmente | HandleMyFile,text/html; charset=utf-8,false,200,0,0,,,96,1,true
21,https://handlemyfile.com/fr/pdf-roc,OCR de navigateur gratuit - Extraire le texte des PDF et des images numérisés | HandleMyFile,text/html; charset=utf-8,false,200,0,0,,,92,1,true
21,https://handlemyfile.com/fi/ocr-pdf,Ilmainen selaimen OCR - Pura tekstiä skannatuista PDF-tiedostoista ja kuvista | HandleMyFile,text/html; charset=utf-8,false,200,0,0,,,92,1,true
21,https://handlemyfile.com/el/pdf-word,Free PDF to Word Converter (.docx) Without Losing Formatting | HandleMyFile,text/html; charset=utf-8,false,200,0,0,,,75,1,true
21,https://handlemyfile.com/de/excel-zu-csv,Kostenloser Excel-zu-CSV-Konverter (.xlsx zu .csv) – Keine Uploads | HandleMyFile,text/html; charset=utf-8,false,200,0,0,,,81,1,true
21,https://handlemyfile.com/hi/rivrs-piiddiieph,पीडीएफ पेजों को उल्टा करें - पीडीएफ पेज का क्रम पीछे की ओर बदलें | HandleMyFile,text/html; charset=utf-8,false,200,0,0,,,79,1,true
21,https://handlemyfile.com/uk/skanuvati-v-pdf,Сканування в PDF - Зробіть файл PDF недоступним для редагування та растеризуйте в Інтернеті | HandleMyFile,text/html; charset=utf-8,false,200,0,0,,,106,1,true
21,https://handlemyfile.com/tr/csv-den-excel-e,Ücretsiz CSV'den Excel'e Dönüştürücü (.xlsx) - Anında Tarayıcı Motoru | HandleMyFile,text/html; charset=utf-8,false,200,0,0,,,84,1,true
21,https://handlemyfile.com/pdf-to-word-without-losing-formatting,Free PDF to Word Converter (.docx) Without Losing Formatting | HandleMyFile,text/html; charset=utf-8,false,200,0,0,,,75,1,true
21,https://handlemyfile.com/hu/pdf-kivagasa,PDF online vágása – Margók eltávolítása a PDF-ből helyileg | HandleMyFile,text/html; charset=utf-8,false,200,0,0,,,73,1,true
21,https://handlemyfile.com/tr/txt-den-pdf-ye,TXT'yi Çevrimiçi Olarak PDF'ye Dönüştürün - Düz Metinden PDF Belgesine | HandleMyFile,text/html; charset=utf-8,false,200,0,0,,,85,1,true
21,https://handlemyfile.com/rotate-pdf,Rotate PDF Pages Online - Turn PDF 90/180/270 Degrees Locally | HandleMyFile,text/html; charset=utf-8,false,200,0,0,,,76,1,true
21,https://handlemyfile.com/pdf-to-image,Convert PDF to JPG/PNG Images Online - Extract Pages to ZIP | HandleMyFile,text/html; charset=utf-8,false,200,0,0,,,74,1,true
21,https://handlemyfile.com/pl/wyodrebnij-obrazy,Wyodrębnij obrazy z pliku PDF — zapisz wszystkie obrazy z pliku PDF | HandleMyFile,text/html; charset=utf-8,false,200,0,0,,,82,1,true
21,https://handlemyfile.com/it/pdf-in-immagine,Converti PDF in immagini JPG/PNG online - Estrai le pagine in ZIP | HandleMyFile,text/html; charset=utf-8,false,200,0,0,,,80,1,true
21,https://handlemyfile.com/sk/odstranit-stranky,Odstrániť stránky PDF online – lokálne odstrániť stránky z PDF | HandleMyFile,text/html; charset=utf-8,false,200,0,0,,,77,1,true
21,https://handlemyfile.com/uk/txt-u-pdf,Конвертуйте TXT у PDF онлайн - звичайний текст у PDF-документ | HandleMyFile,text/html; charset=utf-8,false,200,0,0,,,76,1,true
21,https://handlemyfile.com/hu/szurkearnyalatos-pdf,PDF konvertálása szürkeárnyalatossá – fekete-fehér PDF online | HandleMyFile,text/html; charset=utf-8,false,200,0,0,,,76,1,true
21,https://handlemyfile.com/da/csv-til-excel,Gratis CSV til Excel Converter (.xlsx) - Instant Browser Engine | HandleMyFile,text/html; charset=utf-8,false,200,0,0,,,78,1,true
21,https://handlemyfile.com/pl/numery-stron,Dodaj numery stron do pliku PDF — lokalnie niestandardowy nagłówek i stopka | HandleMyFile,text/html; charset=utf-8,false,200,0,0,,,90,1,true
21,https://handlemyfile.com/tr/sayfalari-kaldir,PDF Sayfalarını Çevrimiçi Kaldırma - Sayfaları PDF'den Yerel Olarak Sil | HandleMyFile,text/html; charset=utf-8,false,200,0,0,,,86,1,true
21,https://handlemyfile.com/ru/obratnyy-pdf,Обратные страницы PDF — изменение порядка страниц PDF в обратном порядке | HandleMyFile,text/html; charset=utf-8,false,200,0,0,,,87,1,true
21,https://handlemyfile.com/tr/ppt-den-pdf-ye,PowerPoint'i PDF'ye - PPTX Slaytlarını Yerel Olarak PDF'ye Dönüştürün | HandleMyFile,text/html; charset=utf-8,false,200,0,0,,,84,1,true
21,https://handlemyfile.com/pl/znak-wodny-pdf,Dodaj znak wodny do pliku PDF — lokalnie stempluj niestandardowy tekst lub obraz | HandleMyFile,text/html; charset=utf-8,false,200,0,0,,,95,1,true
21,https://handlemyfile.com/tr/pdf-den-ppt-ye,Ücretsiz PDF'den PowerPoint'e Dönüştürücü (.pptx) - Sıfır Yükleme | HandleMyFile,text/html; charset=utf-8,false,200,0,0,,,80,1,true
21,https://handlemyfile.com/de/pdf-zu-bild,Konvertieren Sie PDF-Bilder online in JPG/PNG-Bilder – Extrahieren Sie Seiten in ZIP | HandleMyFile,text/html; charset=utf-8,false,200,0,0,,,99,1,true
21,https://handlemyfile.com/de/pdf-teilen,PDF online teilen – Seiten separat extrahieren | Clientseitiger Datenschutz | HandleMyFile,text/html; charset=utf-8,false,200,0,0,,,90,1,true
21,https://handlemyfile.com/sk/pdf-k-obrazku,Konvertovať obrázky PDF do formátu JPG/PNG online – extrahovať stránky do ZIP | HandleMyFile,text/html; charset=utf-8,false,200,0,0,,,92,1,true
21,https://handlemyfile.com/nl/afbeeldingen-extraheren,Afbeeldingen uit PDF extraheren - Alle afbeeldingen uit PDF opslaan | HandleMyFile,text/html; charset=utf-8,false,200,0,0,,,82,1,true
21,https://handlemyfile.com/fr/pdf-en-niveaux-de-gris,Convertir un PDF en niveaux de gris - PDF noir et blanc en ligne | HandleMyFile,text/html; charset=utf-8,false,200,0,0,,,79,1,true
21,https://handlemyfile.com/hi/eksel-se-piiddiieph,एक्सेल को ऑनलाइन पीडीएफ में बदलें - एक्सएलएसएक्स और एक्सएलएस को स्थानीय स्तर पर पीडीएफ में बदलें | HandleMyFile,text/html; charset=utf-8,false,200,0,0,,,111,1,true
21,https://handlemyfile.com/es/excel-a-pdf,Convierta Excel a PDF en línea: XLSX y XLS a PDF localmente | HandleMyFile,text/html; charset=utf-8,false,200,0,0,,,74,1,true
21,https://handlemyfile.com/vi/pdf-ocr,Trình duyệt miễn phí OCR - Trích xuất văn bản từ PDF và hình ảnh được quét | HandleMyFile,text/html; charset=utf-8,false,200,0,0,,,89,1,true
21,https://handlemyfile.com/da/flet-pdf,Gratis online PDF-fusion - Kombiner PDF-filer lokalt | Nul upload | HandleMyFile,text/html; charset=utf-8,false,200,0,0,,,80,1,true
21,https://handlemyfile.com/fi/sivunumerot,Lisää sivunumeroita PDF-tiedostoon - mukautettu ylä- ja alatunniste paikallisesti | HandleMyFile,text/html; charset=utf-8,false,200,0,0,,,96,1,true
21,https://handlemyfile.com/fr/organiser-le-pdf,Organiser un PDF en ligne - Insérer des pages dans un PDF localement | HandleMyFile,text/html; charset=utf-8,false,200,0,0,,,83,1,true
21,https://handlemyfile.com/de/pdf-drehen,PDF-Seiten online drehen – PDF lokal um 90/180/270 Grad drehen | HandleMyFile,text/html; charset=utf-8,false,200,0,0,,,77,1,true
21,https://handlemyfile.com/nl/pdf-organiseren,PDF online organiseren - Pagina's lokaal in PDF invoegen | HandleMyFile,text/html; charset=utf-8,false,200,0,0,,,71,1,true
21,https://handlemyfile.com/es/extraer-imagenes,Extraer imágenes de PDF: guardar todas las imágenes de PDF | HandleMyFile,text/html; charset=utf-8,false,200,0,0,,,73,1,true
21,https://handlemyfile.com/it/proteggi-pdf,Proteggi PDF online - Proteggi PDF con password localmente | HandleMyFile,text/html; charset=utf-8,false,200,0,0,,,73,1,true
21,https://handlemyfile.com/da/pdf-til-ppt,Gratis PDF til PowerPoint Converter (.pptx) - Nul uploads | HandleMyFile,text/html; charset=utf-8,false,200,0,0,,,72,1,true
21,https://handlemyfile.com/ru/ppt-v-pdf,Преобразование PowerPoint в PDF — слайды PPTX в PDF локально | HandleMyFile,text/html; charset=utf-8,false,200,0,0,,,75,1,true
21,https://handlemyfile.com/hi/prsstth-krmaank,पीडीएफ में पेज नंबर जोड़ें - स्थानीय रूप से कस्टम हेडर और फुटर | HandleMyFile,text/html; charset=utf-8,false,200,0,0,,,77,1,true
21,https://handlemyfile.com/ru/povorot-pdf,Поворот PDF-страниц онлайн — локальный поворот PDF-файла на 90/180/270 градусов | HandleMyFile,text/html; charset=utf-8,false,200,0,0,,,94,1,true
21,https://handlemyfile.com/it/scansione-in-pdf,Scansione su PDF: rendi PDF non modificabile e rasterizza online | HandleMyFile,text/html; charset=utf-8,false,200,0,0,,,79,1,true
21,https://handlemyfile.com/pt/girar-pdf,Girar páginas do PDF on-line - Girar o PDF 90/180/270 graus localmente | HandleMyFile,text/html; charset=utf-8,false,200,0,0,,,85,1,true
21,https://handlemyfile.com/cs/sloucit-pdf,Online fúze PDF zdarma – lokálně kombinovat soubory PDF | Zero Upload | HandleMyFile,text/html; charset=utf-8,false,200,0,0,,,84,1,true
21,https://handlemyfile.com/fr/pdf-en-ppt,Convertisseur gratuit de PDF en PowerPoint (.pptx) - Aucun téléchargement | HandleMyFile,text/html; charset=utf-8,false,200,0,0,,,88,1,true
21,https://handlemyfile.com/uk/rozblokuvati-pdf,Розблокуйте PDF в Інтернеті - видаліть пароль PDF локально | HandleMyFile,text/html; charset=utf-8,false,200,0,0,,,73,1,true
21,https://handlemyfile.com/hu/beolvasas-pdf-be,Szkennelés PDF-be – Tedd a PDF-et szerkeszthetetlenné és raszterizáld online | HandleMyFile,text/html; charset=utf-8,false,200,0,0,,,91,1,true
21,https://handlemyfile.com/es/pdf-en-escala-de-grises,Convierta PDF a escala de grises: PDF en blanco y negro en línea | HandleMyFile,text/html; charset=utf-8,false,200,0,0,,,79,1,true
21,https://handlemyfile.com/uk/pdf-word,Free PDF to Word Converter (.docx) Without Losing Formatting | HandleMyFile,text/html; charset=utf-8,false,200,0,0,,,75,1,true
21,https://handlemyfile.com/vi/tach-pdf,Tách PDF trực tuyến - Trích xuất các trang riêng biệt | Quyền riêng tư phía khách hàng | HandleMyFile,text/html; charset=utf-8,false,200,0,0,,,101,1,true
21,https://handlemyfile.com/pt/dividir-pdf,Dividir PDF Online - Extrair páginas separadamente | Privacidade do lado do cliente | HandleMyFile,text/html; charset=utf-8,false,200,0,0,,,98,1,true
21,https://handlemyfile.com/nl/scannen-naar-pdf,Scannen naar PDF - PDF onbewerkbaar maken en online rasteren | HandleMyFile,text/html; charset=utf-8,false,200,0,0,,,75,1,true
21,https://handlemyfile.com/th/aeyk-pdf,แยก PDF ออนไลน์ - แยกหน้าแยกกัน | ความเป็นส่วนตัวฝั่งไคลเอ็นต์ | HandleMyFile,text/html; charset=utf-8,false,200,0,0,,,77,1,true
21,https://handlemyfile.com/pt/imagem-para-pdf,Converta JPG e PNG para PDF Online - Imagens para PDF localmente | HandleMyFile,text/html; charset=utf-8,false,200,0,0,,,79,1,true
21,https://handlemyfile.com/th/csv-epn-excel,ฟรี CSV เป็น Excel Converter (.xlsx) - โปรแกรมเบราว์เซอร์ทันใจ | HandleMyFile,text/html; charset=utf-8,false,200,0,0,,,77,1,true
21,https://handlemyfile.com/de/pdf-zu-ppt,Kostenloser PDF-zu-PowerPoint-Konverter (.pptx) – Keine Uploads | HandleMyFile,text/html; charset=utf-8,false,200,0,0,,,78,1,true
21,https://handlemyfile.com/ar/lswr-l~-pdf,تحويل JPG وPNG إلى PDF عبر الإنترنت - الصور إلى PDF محليًا | HandleMyFile,text/html; charset=utf-8,false,200,0,0,,,73,1,true
21,https://handlemyfile.com/fi/poista-sivut,Poista PDF-sivut verkossa - Poista sivut PDF-tiedostosta paikallisesti | HandleMyFile,text/html; charset=utf-8,false,200,0,0,,,85,1,true
21,https://handlemyfile.com/fi/pakkaa-pdf,Pakkaa PDF Online - Pienennä tiedostokokoa 60-90 % paikallisesti | HandleMyFile,text/html; charset=utf-8,false,200,0,0,,,79,1,true
21,https://handlemyfile.com/tr/ters-pdf,PDF Sayfalarını Tersine Çevir - PDF Sayfa Sırasını Geriye Doğru Değiştir | HandleMyFile,text/html; charset=utf-8,false,200,0,0,,,87,1,true
21,https://handlemyfile.com/el/diahorismos-pdf,Split PDF Online - Εξαγωγή σελίδων ξεχωριστά | Απόρρητο από την πλευρά του πελάτη | HandleMyFile,text/html; charset=utf-8,false,200,0,0,,,96,1,true
21,https://handlemyfile.com/sk/rozdelit-pdf,Rozdeliť PDF online – extrahovať strany samostatne | Ochrana osobných údajov na strane klienta | HandleMyFile,text/html; charset=utf-8,false,200,0,0,,,109,1,true
21,https://handlemyfile.com/ar/lmsh-ldwy-y-l~-pdf,المسح الضوئي إلى PDF - جعل ملف PDF غير قابل للتحرير وتنقيطه عبر الإنترنت | HandleMyFile,text/html; charset=utf-8,false,200,0,0,,,87,1,true
21,https://handlemyfile.com/it/unisci-pdf,Fusione PDF online gratuita: combina file PDF localmente | Caricamento zero | HandleMyFile,text/html; charset=utf-8,false,200,0,0,,,90,1,true
21,https://handlemyfile.com/cs/csv-do-excelu,Bezplatný převodník CSV do Excelu (.xlsx) – Instant Browser Engine | HandleMyFile,text/html; charset=utf-8,false,200,0,0,,,81,1,true
21,https://handlemyfile.com/sk/pdf-do-wordu-bez-straty-form-tovania,Free PDF to Word Converter (.docx) Without Losing Formatting | HandleMyFile,text/html; charset=utf-8,false,200,0,0,,,75,1,true
21,https://handlemyfile.com/ro/pdf-in-ppt,Convertor gratuit PDF în PowerPoint (.pptx) - zero încărcări | HandleMyFile,text/html; charset=utf-8,false,200,0,0,,,75,1,true
21,https://handlemyfile.com/pl/pdf-do-obrazu,Konwertuj obrazy PDF na obrazy JPG/PNG online — wyodrębniaj strony do formatu ZIP | HandleMyFile,text/html; charset=utf-8,false,200,0,0,,,96,1,true
21,https://handlemyfile.com/ru/excel-v-csv,Бесплатный конвертер Excel в CSV (.xlsx в .csv) – без загрузок | HandleMyFile,text/html; charset=utf-8,false,200,0,0,,,77,1,true
21,https://handlemyfile.com/uk/csv-v-excel,Безкоштовний конвертер CSV у Excel (.xlsx) – механізм миттєвого перегляду | HandleMyFile,text/html; charset=utf-8,false,200,0,0,,,88,1,true
21,https://handlemyfile.com/ar/pdf-l~-swr,تحويل PDF إلى صور JPG/PNG عبر الإنترنت - استخراج الصفحات إلى ZIP | HandleMyFile,text/html; charset=utf-8,false,200,0,0,,,79,1,true
21,https://handlemyfile.com/sv/vattenstampel-pdf,Lägg till vattenstämpel till PDF - stämpla anpassad text eller bild lokalt | HandleMyFile,text/html; charset=utf-8,false,200,0,0,,,89,1,true
21,https://handlemyfile.com/sv/skanna-till-pdf,Skanna till PDF - Gör PDF oredigerbar och rasterisera online | HandleMyFile,text/html; charset=utf-8,false,200,0,0,,,75,1,true
21,https://handlemyfile.com/no/csv-til-excel,Gratis CSV til Excel Converter (.xlsx) - Instant Browser Engine | HandleMyFile,text/html; charset=utf-8,false,200,0,0,,,78,1,true
21,https://handlemyfile.com/it/pdf-inverso,Inverti pagine PDF - Modifica l'ordine delle pagine PDF all'indietro | HandleMyFile,text/html; charset=utf-8,false,200,0,0,,,83,1,true
21,https://handlemyfile.com/nl/pdf-redigeren,PDF redigeren - tekst en afbeeldingen veilig zwart maken | HandleMyFile,text/html; charset=utf-8,false,200,0,0,,,71,1,true
21,https://handlemyfile.com/hi/greskel-piiddiieph,पीडीएफ को ग्रेस्केल में बदलें - ब्लैक एंड व्हाइट पीडीएफ ऑनलाइन | HandleMyFile,text/html; charset=utf-8,false,200,0,0,,,77,1,true
21,https://handlemyfile.com/th/excel-epn-csv,โปรแกรมแปลง Excel เป็น CSV ฟรี (.xlsx เป็น .csv) - การอัปโหลดเป็นศูนย์ | HandleMyFile,text/html; charset=utf-8,false,200,0,0,,,85,1,true
21,https://handlemyfile.com/nl/pdf-comprimeren,Comprimeer PDF online - verklein de bestandsgrootte lokaal met 60-90% | HandleMyFile,text/html; charset=utf-8,false,200,0,0,,,84,1,true
21,https://handlemyfile.com/ro/extrage-imagini,Extrageți imagini din PDF - Salvați toate imaginile din PDF | HandleMyFile,text/html; charset=utf-8,false,200,0,0,,,74,1,true
21,https://handlemyfile.com/fi/kierra-pdf,Kierrä PDF-sivuja verkossa - Käännä PDF-tiedostoa 90/180/270 astetta paikallisesti | HandleMyFile,text/html; charset=utf-8,false,200,0,0,,,97,1,true
21,https://handlemyfile.com/pl/pdf-w-skali-szarosci,Konwertuj plik PDF na skalę szarości — czarno-biały plik PDF online | HandleMyFile,text/html; charset=utf-8,false,200,0,0,,,82,1,true
21,https://handlemyfile.com/vi/pdf-sang-ppt,Trình chuyển đổi PDF sang PowerPoint miễn phí (.pptx) - Không tải lên | HandleMyFile,text/html; charset=utf-8,false,200,0,0,,,84,1,true
21,https://handlemyfile.com/pt/csv-para-excel,Conversor gratuito de CSV para Excel (.xlsx) - mecanismo de navegador instantâneo | HandleMyFile,text/html; charset=utf-8,false,200,0,0,,,96,1,true
21,https://handlemyfile.com/vi/txt-sang-pdf,Chuyển đổi TXT sang PDF trực tuyến - Văn bản thuần túy sang tài liệu PDF | HandleMyFile,text/html; charset=utf-8,false,200,0,0,,,87,1,true
21,https://handlemyfile.com/tr/pdf-yi-duzelt,PDF'yi Düzelt - Metin ve Görüntüleri Güvenli Bir Şekilde Karartın | HandleMyFile,text/html; charset=utf-8,false,200,0,0,,,80,1,true
21,https://handlemyfile.com/ar/twqyaa-pdf,التوقيع على ملف PDF عبر الإنترنت - إضافة التوقيع الإلكتروني إلى ملف PDF | HandleMyFile,text/html; charset=utf-8,false,200,0,0,,,86,1,true
21,https://handlemyfile.com/sv/komprimera-pdf,Komprimera PDF Online - Minska filstorleken med 60-90 % lokalt | HandleMyFile,text/html; charset=utf-8,false,200,0,0,,,77,1,true
21,https://handlemyfile.com/nl/pdf-splitsen,PDF online splitsen - Pagina's afzonderlijk extraheren | Privacy aan de clientzijde | HandleMyFile,text/html; charset=utf-8,false,200,0,0,,,98,1,true
21,https://handlemyfile.com/nl/pdf-ondertekenen,PDF online ondertekenen - Elektronische handtekening toevoegen aan PDF | HandleMyFile,text/html; charset=utf-8,false,200,0,0,,,85,1,true
21,https://handlemyfile.com/tr/pdf-yi-imzala,PDF'yi Çevrimiçi İmzalayın - PDF'ye Elektronik İmza Ekle | HandleMyFile,text/html; charset=utf-8,false,200,0,0,,,71,1,true
21,https://handlemyfile.com/fi/yhdista-pdf,Ilmainen PDF-fuusio - Yhdistä PDF-tiedostoja paikallisesti | Nolla latausta | HandleMyFile,text/html; charset=utf-8,false,200,0,0,,,90,1,true
21,https://handlemyfile.com/nl/excel-naar-csv,Gratis Excel naar CSV-converter (.xlsx naar .csv) - Geen uploads | HandleMyFile,text/html; charset=utf-8,false,200,0,0,,,79,1,true
21,https://handlemyfile.com/id/pdf-ke-word-tanpa-kehilangan-format,Konversi PDF ke Word Online Gratis (.docx) Tanpa Merusak Format | HandleMyFile,text/html; charset=utf-8,false,200,0,0,,,78,1,true
21,https://handlemyfile.com/id/csv-ke-excel,Konverter CSV ke Excel Gratis (.xlsx) - Mesin Peramban Instan | HandleMyFile,text/html; charset=utf-8,false,200,0,0,,,76,1,true
21,https://handlemyfile.com/ms/pangkas-pdf,Pangkas PDF Dalam Talian - Alih Keluar Margin daripada PDF Setempat | HandleMyFile,text/html; charset=utf-8,false,200,0,0,,,82,1,true
21,https://handlemyfile.com/nl/formaat-van-pdf-wijzigen,Formaat van PDF-pagina's wijzigen - PDF-paginaformaat en -marges wijzigen | HandleMyFile,text/html; charset=utf-8,false,200,0,0,,,88,1,true
21,https://handlemyfile.com/hu/excel-to-csv,Ingyenes Excel-CSV konvertáló (.xlsx-ből .csv-be) – nulla feltöltés | HandleMyFile,text/html; charset=utf-8,false,200,0,0,,,82,1,true
21,https://handlemyfile.com/el/excel-se-csv,Δωρεάν μετατροπέας Excel σε CSV (.xlsx σε .csv) - Μηδενικές μεταφορτώσεις | HandleMyFile,text/html; charset=utf-8,false,200,0,0,,,88,1,true
21,https://handlemyfile.com/no/pdf-til-word-uten-miste-formatering,Free PDF to Word Converter (.docx) Without Losing Formatting | HandleMyFile,text/html; charset=utf-8,false,200,0,0,,,75,1,true
21,https://handlemyfile.com/hi/piiddiieph-men-chvi,JPG और PNG को ऑनलाइन पीडीएफ में बदलें - छवियाँ स्थानीय स्तर पर पीडीएफ में | HandleMyFile,text/html; charset=utf-8,false,200,0,0,,,88,1,true
21,https://handlemyfile.com/id/gambar-ke-pdf,Konversi JPG & PNG ke PDF Online - Gambar ke PDF Secara Lokal | HandleMyFile,text/html; charset=utf-8,false,200,0,0,,,76,1,true
21,https://handlemyfile.com/ar/ksl-l~-pdf,تحويل Excel إلى PDF عبر الإنترنت - XLSX وXLS إلى PDF محليًا | HandleMyFile,text/html; charset=utf-8,false,200,0,0,,,74,1,true
21,https://handlemyfile.com/sk/txt-do-pdf,Prevod TXT do PDF online – obyčajný text do PDF dokumentu | HandleMyFile,text/html; charset=utf-8,false,200,0,0,,,72,1,true
21,https://handlemyfile.com/it/ruota-pdf,Ruota le pagine PDF online: ruota il PDF di 90/180/270 gradi localmente | HandleMyFile,text/html; charset=utf-8,false,200,0,0,,,86,1,true
21,https://handlemyfile.com/pt/digitalizar-para-pdf,Digitalizar para PDF - Tornar PDF não editável e rasterizar online | HandleMyFile,text/html; charset=utf-8,false,200,0,0,,,81,1,true
21,https://handlemyfile.com/fr/numeriser-vers-pdf,Numériser vers PDF - Rendre un PDF non modifiable et pixelliser en ligne | HandleMyFile,text/html; charset=utf-8,false,200,0,0,,,87,1,true
21,https://handlemyfile.com/fi/rajaa-pdf,Rajaa PDF Online - Poista marginaalit PDF:stä paikallisesti | HandleMyFile,text/html; charset=utf-8,false,200,0,0,,,74,1,true
21,https://handlemyfile.com/uk/vidobutok-zobrazhen,Видобудьте зображення з PDF - Збережіть усі зображення з PDF | HandleMyFile,text/html; charset=utf-8,false,200,0,0,,,75,1,true
21,https://handlemyfile.com/hu/redact-pdf,PDF szerkesztése – Szöveg és képek biztonságos eltüntetése | HandleMyFile,text/html; charset=utf-8,false,200,0,0,,,73,1,true
21,https://handlemyfile.com/hi/piiddiieph-anlonk-kren,पीडीएफ को ऑनलाइन अनलॉक करें - पीडीएफ पासवर्ड को स्थानीय रूप से हटाएं | HandleMyFile,text/html; charset=utf-8,false,200,0,0,,,83,1,true
21,https://handlemyfile.com/no/sla-sammen-pdf,Gratis online PDF-sammenslåing - Kombiner PDF-filer lokalt | Null opplasting | HandleMyFile,text/html; charset=utf-8,false,200,0,0,,,91,1,true
21,https://handlemyfile.com/ru/pdf-v-ottenkah-serogo,Конвертировать PDF в оттенки серого — черно-белый PDF онлайн | HandleMyFile,text/html; charset=utf-8,false,200,0,0,,,75,1,true
21,https://handlemyfile.com/ro/excel-in-pdf,Conversia Excel în PDF online - XLSX și XLS în PDF local | HandleMyFile,text/html; charset=utf-8,false,200,0,0,,,71,1,true
21,https://handlemyfile.com/ro/eliminati-pagini,Eliminați paginile PDF online - Ștergeți paginile din PDF local | HandleMyFile,text/html; charset=utf-8,false,200,0,0,,,78,1,true
21,https://handlemyfile.com/vi/pdf-sang-hinh-anh,Chuyển đổi hình ảnh PDF sang JPG/PNG trực tuyến - Trích xuất trang thành ZIP | HandleMyFile,text/html; charset=utf-8,false,200,0,0,,,91,1,true
21,https://handlemyfile.com/sv/excel-till-pdf,Konvertera Excel till PDF Online - XLSX & XLS till PDF lokalt | HandleMyFile,text/html; charset=utf-8,false,200,0,0,,,76,1,true
21,https://handlemyfile.com/es/pdf-a-imagen,Convierta imágenes de PDF a JPG/PNG en línea: extraiga páginas a ZIP | HandleMyFile,text/html; charset=utf-8,false,200,0,0,,,83,1,true
21,https://handlemyfile.com/nl/pdf-samenvoegen,Gratis online PDF-fusie - Combineer PDF-bestanden lokaal | Nul uploaden | HandleMyFile,text/html; charset=utf-8,false,200,0,0,,,86,1,true
21,https://handlemyfile.com/pl/usun-strony,Usuń strony PDF online — usuń strony z pliku PDF lokalnie | HandleMyFile,text/html; charset=utf-8,false,200,0,0,,,72,1,true
21,https://handlemyfile.com/cs/rozdelit-pdf,Rozdělit PDF online – extrahovat stránky samostatně | Ochrana osobních údajů na straně klienta | HandleMyFile,text/html; charset=utf-8,false,200,0,0,,,109,1,true
21,https://handlemyfile.com/pt/assinar-pdf,Assinar PDF Online - Adicionar Assinatura Eletrônica ao PDF | HandleMyFile,text/html; charset=utf-8,false,200,0,0,,,74,1,true
21,https://handlemyfile.com/tr/ocr-pdf-si,Ücretsiz Tarayıcı OCR - Taranan PDF ve Görüntülerden Metin Çıkarma | HandleMyFile,text/html; charset=utf-8,false,200,0,0,,,81,1,true
21,https://handlemyfile.com/hu/pdf-to-ppt,Ingyenes PDF-ből PowerPoint Converter (.pptx) – nulla feltöltés | HandleMyFile,text/html; charset=utf-8,false,200,0,0,,,78,1,true
21,https://handlemyfile.com/el/pdf-se-ppt,Δωρεάν μετατροπέας PDF σε PowerPoint (.pptx) - Μηδενικές μεταφορτώσεις | HandleMyFile,text/html; charset=utf-8,false,200,0,0,,,85,1,true
21,https://handlemyfile.com/sk/pdf-do-ppt,Bezplatný prevodník PDF do PowerPointu (.pptx) – nulové nahrávanie | HandleMyFile,text/html; charset=utf-8,false,200,0,0,,,81,1,true
21,https://handlemyfile.com/pl/excel-do-csv,Darmowy konwerter Excela na CSV (.xlsx na .csv) — brak przesyłania plików | HandleMyFile,text/html; charset=utf-8,false,200,0,0,,,88,1,true
21,https://handlemyfile.com/vi/hinh-mo-pdf,Thêm hình mờ vào PDF - Đóng dấu văn bản hoặc hình ảnh tùy chỉnh cục bộ | HandleMyFile,text/html; charset=utf-8,false,200,0,0,,,85,1,true
21,https://handlemyfile.com/cs/excel-do-csv,Bezplatný převodník Excel do CSV (.xlsx na .csv) – nulové nahrávání | HandleMyFile,text/html; charset=utf-8,false,200,0,0,,,82,1,true
21,https://handlemyfile.com/nl/pdf-omkeren,PDF-pagina's omkeren - PDF-paginavolgorde achteruit wijzigen | HandleMyFile,text/html; charset=utf-8,false,200,0,0,,,75,1,true
21,https://handlemyfile.com/de/csv-zu-excel,Kostenloser CSV-zu-Excel-Konverter (.xlsx) – Instant Browser Engine | HandleMyFile,text/html; charset=utf-8,false,200,0,0,,,82,1,true
21,https://handlemyfile.com/fi/kaanteinen-pdf,Käänteiset PDF-sivut - Muuta PDF-sivujen järjestystä taaksepäin | HandleMyFile,text/html; charset=utf-8,false,200,0,0,,,78,1,true
21,https://handlemyfile.com/fi/txt-pdf,Muunna TXT PDF-muotoon verkossa - Pelkkä teksti PDF-asiakirjaksi | HandleMyFile,text/html; charset=utf-8,false,200,0,0,,,79,1,true
21,https://handlemyfile.com/ru/izobrazhenie-v-pdf,Конвертируйте JPG и PNG в PDF онлайн — изображения в PDF локально | HandleMyFile,text/html; charset=utf-8,false,200,0,0,,,80,1,true
21,https://handlemyfile.com/hu/reverse-pdf,Fordított PDF-oldalak – PDF-oldalak sorrendjének módosítása visszafelé | HandleMyFile,text/html; charset=utf-8,false,200,0,0,,,85,1,true
21,https://handlemyfile.com/hu/excel-to-pdf,Excel konvertálása PDF formátumba online – XLSX és XLS helyileg PDF formátumba | HandleMyFile,text/html; charset=utf-8,false,200,0,0,,,93,1,true
21,https://handlemyfile.com/pt/pdf-reverso,Inverter páginas do PDF - Alterar a ordem das páginas do PDF para trás | HandleMyFile,text/html; charset=utf-8,false,200,0,0,,,85,1,true
21,https://handlemyfile.com/id/pdf-ke-ppt,Konverter PDF ke PowerPoint Gratis (.pptx) - Tanpa Unggahan | HandleMyFile,text/html; charset=utf-8,false,200,0,0,,,74,1,true
21,https://handlemyfile.com/ru/pdf-v-ppt,Бесплатный конвертер PDF в PowerPoint (.pptx) — без загрузок | HandleMyFile,text/html; charset=utf-8,false,200,0,0,,,75,1,true
21,https://handlemyfile.com/ms/excel-kepada-csv,Penukar Excel ke CSV Percuma (.xlsx ke .csv) - Sifar Muat Naik | HandleMyFile,text/html; charset=utf-8,false,200,0,0,,,77,1,true
21,https://handlemyfile.com/de/graustufen-pdf,Konvertieren Sie PDF in Graustufen – Schwarzweiß-PDF online | HandleMyFile,text/html; charset=utf-8,false,200,0,0,,,74,1,true
21,https://handlemyfile.com/it/comprimi-pdf,Comprimi PDF online: riduci le dimensioni del file del 60-90% localmente | HandleMyFile,text/html; charset=utf-8,false,200,0,0,,,87,1,true
21,https://handlemyfile.com/fi/kuva-pdf-ksi,Muunna JPG ja PNG PDF-muotoon verkossa - Kuvat PDF-muotoon paikallisesti | HandleMyFile,text/html; charset=utf-8,false,200,0,0,,,87,1,true
21,https://handlemyfile.com/ru/redaktirovat-pdf,Редактировать PDF — безопасное затемнение текста и изображений | HandleMyFile,text/html; charset=utf-8,false,200,0,0,,,77,1,true
21,https://handlemyfile.com/tr/pdf-yi-dondur,PDF Sayfalarını Çevrimiçi Döndürün - PDF'yi Yerel Olarak 90/180/270 Derece Döndürün | HandleMyFile,text/html; charset=utf-8,false,200,0,0,,,98,1,true
21,https://handlemyfile.com/ru/udalit-stranicy,Удалить страницы PDF онлайн — удалить страницы из PDF локально | HandleMyFile,text/html; charset=utf-8,false,200,0,0,,,77,1,true
21,https://handlemyfile.com/uk/vidtinki-sirogo-pdf,Перетворення PDF на відтінки сірого - чорно-білий PDF онлайн | HandleMyFile,text/html; charset=utf-8,false,200,0,0,,,75,1,true
21,https://handlemyfile.com/ms/susun-pdf,Susun PDF Dalam Talian - Sisipkan Halaman ke dalam PDF Secara Setempat | HandleMyFile,text/html; charset=utf-8,false,200,0,0,,,85,1,true
21,https://handlemyfile.com/el/prostasia-pdf,Προστασία PDF Online - Προστασία PDF με κωδικό πρόσβασης τοπικά | HandleMyFile,text/html; charset=utf-8,false,200,0,0,,,78,1,true
21,https://handlemyfile.com/ro/semneaza-pdf,Semnați PDF online - Adăugați semnătură electronică la PDF | HandleMyFile,text/html; charset=utf-8,false,200,0,0,,,73,1,true
21,https://handlemyfile.com/cs/ocr-pdf,OCR v prohlížeči zdarma – extrahování textu z naskenovaných PDF a obrázků | HandleMyFile,text/html; charset=utf-8,false,200,0,0,,,88,1,true
21,https://handlemyfile.com/ms/ppt-kepada-pdf,Tukar PowerPoint kepada PDF - Slaid PPTX kepada PDF Secara Setempat | HandleMyFile,text/html; charset=utf-8,false,200,0,0,,,82,1,true
21,https://handlemyfile.com/split-pdf,Split PDF Online - Extract Pages Separately | Client-Side Privacy | HandleMyFile,text/html; charset=utf-8,false,200,0,0,,,80,1,true
21,https://handlemyfile.com/sv/ocr-pdf,Gratis webbläsare OCR - Extrahera text från skannade PDF och bilder | HandleMyFile,text/html; charset=utf-8,false,200,0,0,,,82,1,true
21,https://handlemyfile.com/fr/pdf-en-word-sans-perdre-le-formatage,Free PDF to Word Converter (.docx) Without Losing Formatting | HandleMyFile,text/html; charset=utf-8,false,200,0,0,,,75,1,true
21,https://handlemyfile.com/th/pdf-word,Free PDF to Word Converter (.docx) Without Losing Formatting | HandleMyFile,text/html; charset=utf-8,false,200,0,0,,,75,1,true
21,https://handlemyfile.com/da/pdf-til-billede,Konverter PDF til JPG/PNG-billeder online - Udpak sider til ZIP | HandleMyFile,text/html; charset=utf-8,false,200,0,0,,,78,1,true
21,https://handlemyfile.com/he/pdf-word,Free PDF to Word Converter (.docx) Without Losing Formatting | HandleMyFile,text/html; charset=utf-8,false,200,0,0,,,75,1,true
21,https://handlemyfile.com/ro/pdf-in-imagine,Convertiți PDF în imagini JPG/PNG online - Extrageți pagini în ZIP | HandleMyFile,text/html; charset=utf-8,false,200,0,0,,,81,1,true
21,https://handlemyfile.com/cs/pdf-do-wordu-bez-ztr-ty-form-tov-n,Free PDF to Word Converter (.docx) Without Losing Formatting | HandleMyFile,text/html; charset=utf-8,false,200,0,0,,,75,1,true
21,https://handlemyfile.com/uk/nomeri-storinok,Додавання номерів сторінок до PDF - Користувацький верхній і нижній колонтитули локально | HandleMyFile,text/html; charset=utf-8,false,200,0,0,,,103,1,true
21,https://handlemyfile.com/hu/csv-to-excel,Ingyenes CSV-ből Excel konvertáló (.xlsx) – Azonnali böngészőmotor | HandleMyFile,text/html; charset=utf-8,false,200,0,0,,,81,1,true
21,https://handlemyfile.com/sk/vodoznak-pdf,Pridať vodoznak do PDF – opečiatkovať vlastný text alebo obrázok lokálne | HandleMyFile,text/html; charset=utf-8,false,200,0,0,,,87,1,true
21,https://handlemyfile.com/hi/piiddiieph-vyvsthit-kren,पीडीएफ को ऑनलाइन व्यवस्थित करें - पीडीएफ में स्थानीय रूप से पेज डालें | HandleMyFile,text/html; charset=utf-8,false,200,0,0,,,84,1,true
21,https://handlemyfile.com/it/organizza-pdf,Organizza PDF online: inserisci le pagine nel PDF localmente | HandleMyFile,text/html; charset=utf-8,false,200,0,0,,,75,1,true
21,https://handlemyfile.com/it/pdf-in-word-senza-perdere-la-formattazione,Free PDF to Word Converter (.docx) Without Losing Formatting | HandleMyFile,text/html; charset=utf-8,false,200,0,0,,,75,1,true
21,https://handlemyfile.com/es/ppt-a-pdf,Convierta PowerPoint a PDF: diapositivas PPTX a PDF localmente | HandleMyFile,text/html; charset=utf-8,false,200,0,0,,,77,1,true
21,https://handlemyfile.com/fr/excel-en-pdf,Convertir Excel en PDF en ligne - XLSX et XLS en PDF localement | HandleMyFile,text/html; charset=utf-8,false,200,0,0,,,78,1,true
21,https://handlemyfile.com/it/da-pdf-a-ppt,Convertitore gratuito da PDF a PowerPoint (.pptx) - Caricamenti zero | HandleMyFile,text/html; charset=utf-8,false,200,0,0,,,83,1,true
21,https://handlemyfile.com/uk/zobrazhennya-v-pdf,Конвертуйте JPG і PNG у PDF онлайн - зображення в PDF локально | HandleMyFile,text/html; charset=utf-8,false,200,0,0,,,77,1,true
21,https://handlemyfile.com/ko/pdf-to-word-without-losing-formatting,Free PDF to Word Converter (.docx) Without Losing Formatting | HandleMyFile,text/html; charset=utf-8,false,200,0,0,,,75,1,true
21,https://handlemyfile.com/ms/txt-kepada-pdf,Tukar TXT kepada PDF Dalam Talian - Teks Biasa kepada Dokumen PDF | HandleMyFile,text/html; charset=utf-8,false,200,0,0,,,80,1,true
21,https://handlemyfile.com/es/pdf-inverso,Invertir páginas PDF - Cambiar el orden de las páginas PDF hacia atrás | HandleMyFile,text/html; charset=utf-8,false,200,0,0,,,85,1,true
21,https://handlemyfile.com/hu/pdf-felosztasa,PDF felosztása online – Oldalak kibontása külön | Ügyféloldali adatvédelem | HandleMyFile,text/html; charset=utf-8,false,200,0,0,,,89,1,true
21,https://handlemyfile.com/el/csv-se-excel,Δωρεάν μετατροπέας CSV σε Excel (.xlsx) - Instant Browser Engine | HandleMyFile,text/html; charset=utf-8,false,200,0,0,,,79,1,true
21,https://handlemyfile.com/ru/skanirovat-v-pdf,Сканирование в PDF — сделайте PDF нередактируемым и растрируйте онлайн | HandleMyFile,text/html; charset=utf-8,false,200,0,0,,,85,1,true
21,https://handlemyfile.com/da/pdf-til-word-uden-at-miste-formatering,Free PDF to Word Converter (.docx) Without Losing Formatting | HandleMyFile,text/html; charset=utf-8,false,200,0,0,,,75,1,true
21,https://handlemyfile.com/uk/redaguvati-pdf,Редагувати PDF - безпечне затемнення тексту та зображень | HandleMyFile,text/html; charset=utf-8,false,200,0,0,,,71,1,true
21,https://handlemyfile.com/es/escanear-a-pdf,Escanear a PDF: convertir PDF en no editable y rasterizar en línea | HandleMyFile,text/html; charset=utf-8,false,200,0,0,,,81,1,true
21,https://handlemyfile.com/cs/zmenit-velikost-pdf,Změnit velikost stránek PDF – Změnit velikost a okraje stránky PDF | HandleMyFile,text/html; charset=utf-8,false,200,0,0,,,81,1,true
21,https://handlemyfile.com/id/excel-ke-csv,Konverter Excel ke CSV Gratis (.xlsx ke .csv) - Tanpa Unggahan | HandleMyFile,text/html; charset=utf-8,false,200,0,0,,,77,1,true
21,https://handlemyfile.com/de/wasserzeichen-pdf,Wasserzeichen zu PDF hinzufügen – Benutzerdefinierten Text oder Bild lokal stempeln | HandleMyFile,text/html; charset=utf-8,false,200,0,0,,,98,1,true
21,https://handlemyfile.com/es/recortar-pdf,Recortar PDF en línea: eliminar márgenes del PDF localmente | HandleMyFile,text/html; charset=utf-8,false,200,0,0,,,74,1,true
21,https://handlemyfile.com/ru/uporyadochit-pdf,Организуйте PDF онлайн — вставляйте страницы в PDF локально | HandleMyFile,text/html; charset=utf-8,false,200,0,0,,,74,1,true
21,https://handlemyfile.com/hu/pdf-rendezese,PDF online rendezése – Oldalak beszúrása PDF-be helyileg | HandleMyFile,text/html; charset=utf-8,false,200,0,0,,,71,1,true
21,https://handlemyfile.com/nl/pagina-s-verwijderen,PDF-pagina's online verwijderen - Pagina's lokaal uit PDF verwijderen | HandleMyFile,text/html; charset=utf-8,false,200,0,0,,,84,1,true
21,https://handlemyfile.com/ar/hmy-qwt-ldfaa-lshaaby,حماية ملفات PDF عبر الإنترنت - حماية ملفات PDF محليًا بكلمة مرور | HandleMyFile,text/html; charset=utf-8,false,200,0,0,,,79,1,true
20,https://handlemyfile.com/es/editar-pdf,Editor de PDF en línea gratuito: agregue texto e imágenes localmente | Carga cero | HandleMyFile,text/html; charset=utf-8,false,200,0,0,,,96,1,true
20,https://handlemyfile.com/vi/chinh-sua-pdf,Trình chỉnh sửa PDF trực tuyến miễn phí - Thêm văn bản và hình ảnh cục bộ | Không tải lên | HandleMyFile,text/html; charset=utf-8,false,200,0,0,,,104,1,true
20,https://handlemyfile.com/nl/pdf-bewerken,Gratis online PDF-editor - Lokaal tekst en afbeeldingen toevoegen | Nul uploaden | HandleMyFile,text/html; charset=utf-8,false,200,0,0,,,95,1,true
20,https://handlemyfile.com/pt/editar-pdf,Editor de PDF online gratuito - Adicione texto e imagens localmente | Carregamento Zero | HandleMyFile,text/html; charset=utf-8,false,200,0,0,,,102,1,true
20,https://handlemyfile.com/it/modifica-pdf,Editor PDF online gratuito: aggiungi testo e immagini localmente | Caricamento zero | HandleMyFile,text/html; charset=utf-8,false,200,0,0,,,98,1,true
20,https://handlemyfile.com/he/rvk-pdf,עורך PDF מקוון בחינם - הוסף טקסט ותמונות באופן מקומי | אפס העלאה | HandleMyFile,text/html; charset=utf-8,false,200,0,0,,,79,1,true
20,https://handlemyfile.com/pl/edytuj-plik-pdf,Darmowy edytor plików PDF online — dodawaj tekst i obrazy lokalnie | Zero przesyłania | HandleMyFile,text/html; charset=utf-8,false,200,0,0,,,100,1,true
20,https://handlemyfile.com/ro/editati-pdf,Editor PDF online gratuit - Adăugați text și imagini local | Încărcare zero | HandleMyFile,text/html; charset=utf-8,false,200,0,0,,,90,1,true
20,https://handlemyfile.com/de/pdf-bearbeiten,Kostenloser Online-PDF-Editor – Text und Bilder lokal hinzufügen | Kein Upload | HandleMyFile,text/html; charset=utf-8,false,200,0,0,,,93,1,true
20,https://handlemyfile.com/el/epexergasia-pdf,Δωρεάν Online πρόγραμμα επεξεργασίας PDF - Προσθήκη κειμένου και εικόνων τοπικά | Μηδενική μεταφόρτωση | HandleMyFile,text/html; charset=utf-8,false,200,0,0,,,117,1,true
20,https://handlemyfile.com/ms/edit-pdf,Editor PDF Dalam Talian Percuma - Tambah Teks & Imej Setempat | Sifar Muat Naik | HandleMyFile,text/html; charset=utf-8,false,200,0,0,,,94,1,true
20,https://handlemyfile.com/pl,HandleMyFile | Wszystkie narzędzia do obsługi dokumentów w jednym miejscu,text/html; charset=utf-8,false,200,0,1,,,73,1,true
20,https://handlemyfile.com/hu/pdf-szerkesztese,Ingyenes online PDF-szerkesztő – Szöveg és képek helyi hozzáadása | Nulla feltöltés | HandleMyFile,text/html; charset=utf-8,false,200,0,0,,,98,1,true
20,https://handlemyfile.com/hi/piiddiieph-snpaadit-kren,मुफ़्त ऑनलाइन पीडीएफ संपादक - स्थानीय रूप से टेक्स्ट और छवियाँ जोड़ें | शून्य अपलोड | HandleMyFile,text/html; charset=utf-8,false,200,0,0,,,98,1,true
20,https://handlemyfile.com/ar/thryr-qwt-ldfaa-lshaaby,محرر PDF مجاني عبر الإنترنت - إضافة نص وصور محليًا | تحميل صفر | HandleMyFile,text/html; charset=utf-8,false,200,0,0,,,77,1,true
