PR,URL,Title,Content type,Is rendered page,HTTP status code,Organic traffic,Depth,Meta description,Meta description patch,Meta description patch status,Meta description length,No. of meta descriptions,Is indexable page
21,https://handlemyfile.com/ja/pdf-risaizu,PDF ページのサイズを変更する - PDF ページのサイズと余白を変更する | HandleMyFile,text/html; charset=utf-8,false,200,0,0,PDF ページのサイズを A4 やレターなどの標準サイズに変更し、余白を追加して、コンテンツを完全に中央に配置します。,,,59,1,true
21,https://handlemyfile.com/he/hshvvh-pdf,השווה PDF - מצא הבדלים בין שני קובצי PDF | HandleMyFile,text/html; charset=utf-8,false,200,0,0,העלה שני קובצי PDF והדגש את ההבדלים החזותיים ביניהם פיקסל אחר פיקסל באופן מקומי.,,,80,1,true
21,https://handlemyfile.com/tr/pdf-nin-kilidini-acin,PDF Online'ın Kilidini Açın - PDF Parolasını Yerel Olarak Kaldır | HandleMyFile,text/html; charset=utf-8,false,200,0,0,Tarayıcınızda PDF dosyalarınızdaki şifreyi ve şifrelemeyi anında kaldırın.,,,74,1,true
21,https://handlemyfile.com/ko/egseleul-csvro,무료 Excel to CSV 변환기(.xlsx to .csv) - 제로 업로드 | HandleMyFile,text/html; charset=utf-8,false,200,0,0,"브라우저에서 Microsoft Excel 스프레드시트(.xlsx, .xls)의 데이터를 범용 CSV 형식으로 빠르게 내보낼 수 있습니다.",,,76,1,true
21,https://handlemyfile.com/da/beskyt-pdf,Beskyt PDF Online - Adgangskodebeskyt PDF lokalt | HandleMyFile,text/html; charset=utf-8,false,200,0,0,Beskyt dine PDF-filer med AES-256-kryptering og adgangskodebeskyttelse lokalt i din browser.,,,92,1,true
21,https://handlemyfile.com/it/confronta-pdf,Confronta PDF: trova le differenze tra due PDF | HandleMyFile,text/html; charset=utf-8,false,200,0,0,Carica due file PDF ed evidenzia localmente le differenze visive tra loro pixel per pixel.,,,90,1,true
21,https://handlemyfile.com/ja/ocr-pdf,無料のブラウザ OCR - スキャンした PDF と画像からテキストを抽出 | HandleMyFile,text/html; charset=utf-8,false,200,0,0,多言語の WebAssembly OCR ワーカーを使用して、検索不可能なスキャンされた PDF と画像をローカルで編集可能なプレーン テキストに変換します。,,,79,1,true
21,https://handlemyfile.com/ko/yeogbanghyang-pdf,PDF 페이지 역방향 - PDF 페이지 순서를 거꾸로 변경 | HandleMyFile,text/html; charset=utf-8,false,200,0,0,브라우저에서 안전하게 PDF 문서의 페이지 순서를 마지막에서 처음으로 즉시 반전할 수 있습니다.,,,53,1,true
21,https://handlemyfile.com/th/excel-epn-pdf,แปลง Excel เป็น PDF ออนไลน์ - XLSX & XLS เป็น PDF ในเครื่อง | HandleMyFile,text/html; charset=utf-8,false,200,0,0,แปลงสเปรดชีตและข้อมูลทางการเงินให้เป็นตาราง PDF ที่สะอาดตาและพิมพ์ได้แบบออฟไลน์ในเบราว์เซอร์ของคุณ,,,98,1,true
21,https://handlemyfile.com/ko/metadeiteo-jegeo,PDF 메타데이터 제거 - 온라인 속성 삭제 | HandleMyFile,text/html; charset=utf-8,false,200,0,0,"더 나은 개인정보 보호를 위해 오프라인에서 PDF 파일의 작성자, 작성자 및 기타 숨겨진 디지털 발자국 속성을 제거하세요.",,,68,1,true
21,https://handlemyfile.com/zh/pdf-zhuan-ppt,免费 PDF 到 PowerPoint 转换器 (.pptx) - 零上传 | HandleMyFile,text/html; charset=utf-8,false,200,0,0,将多页 PDF 文档转换为可编辑的 PowerPoint (.pptx) 幻灯片，并在浏览器 RAM 内保持高保真度。,,,59,1,true
21,https://handlemyfile.com/hu/pdf-feloldasa,PDF online feloldása – PDF jelszó helyi eltávolítása | HandleMyFile,text/html; charset=utf-8,false,200,0,0,Azonnal távolítsa el a jelszót és a titkosítást PDF-fájljaiból a böngészőben.,,,77,1,true
21,https://handlemyfile.com/es/firmar-pdf,Firmar PDF en línea - Agregar firma electrónica a PDF | HandleMyFile,text/html; charset=utf-8,false,200,0,0,"Dibuja, carga o genera una firma electrónica y agrégala a tu PDF.",,,65,1,true
21,https://handlemyfile.com/no/excel-til-pdf,Konverter Excel til PDF Online - XLSX og XLS til PDF lokalt | HandleMyFile,text/html; charset=utf-8,false,200,0,0,"Forvandle regneark og økonomiske data til rene, utskrivbare PDF-tabeller offline i nettleseren din.",,,99,1,true
21,https://handlemyfile.com/ko/pptreul-pdfro,PowerPoint를 PDF로 변환 - PPTX 슬라이드를 로컬에서 PDF로 | HandleMyFile,text/html; charset=utf-8,false,200,0,0,서버 업로드 없이 쉽게 공유하고 인쇄할 수 있도록 PPTX 프레젠테이션 슬라이드를 범용 PDF 문서로 저장하세요.,,,63,1,true
21,https://handlemyfile.com/ja/pdf-shomei,オンラインで PDF に署名 - PDF に電子署名を追加 | HandleMyFile,text/html; charset=utf-8,false,200,0,0,電子署名を描画、アップロード、または生成して PDF に追加します。,,,34,1,true
21,https://handlemyfile.com/ru/razblokirovat-pdf,Разблокировать PDF онлайн — удалить пароль PDF локально | HandleMyFile,text/html; charset=utf-8,false,200,0,0,Мгновенно удалите пароль и шифрование из ваших PDF-файлов в браузере.,,,69,1,true
21,https://handlemyfile.com/ms/bandingkan-pdf,Bandingkan PDF - Cari Perbezaan Antara Dua PDF | HandleMyFile,text/html; charset=utf-8,false,200,0,0,Muat naik dua fail PDF dan serlahkan perbezaan visual antaranya piksel demi piksel secara setempat.,,,99,1,true
21,https://handlemyfile.com/unlock-pdf,Unlock PDF Online - Remove PDF Password Locally | HandleMyFile,text/html; charset=utf-8,false,200,0,0,Remove password and encryption from your PDF files instantly in your browser.,,,77,1,true
21,https://handlemyfile.com/ro/organizati-pdf,Organizați PDF online - Inserați pagini în PDF local | HandleMyFile,text/html; charset=utf-8,false,200,0,0,Inserați un alt fișier PDF într-un anumit index de pagină în siguranță în browser.,,,82,1,true
21,https://handlemyfile.com/id/buka-kunci-pdf,Buka Kunci PDF Online - Hapus Kata Sandi PDF Secara Lokal | HandleMyFile,text/html; charset=utf-8,false,200,0,0,Hapus kata sandi dan enkripsi dari file PDF Anda secara instan di browser Anda.,,,79,1,true
21,https://handlemyfile.com/zh/pdf-zhuan-tu-xiang,在线将 PDF 转换为 JPG/PNG 图像 - 将页面提取为 ZIP | HandleMyFile,text/html; charset=utf-8,false,200,0,0,在本地将 PDF 页面光栅化为清晰的 PNG/JPG 图像。单独下载或作为高速 ZIP 存档下载。,,,49,1,true
21,https://handlemyfile.com/uk/obrizati-pdf,Обрізати PDF-файл онлайн - видаліть поля з PDF-файлу локально | HandleMyFile,text/html; charset=utf-8,false,200,0,0,Видаліть білі поля або обріжте PDF-сторінки до певного розміру локально у вашому браузері.,,,90,1,true
21,https://handlemyfile.com/ru/sravnit-pdf,Сравнить PDF – найти различия между двумя PDF-файлами | HandleMyFile,text/html; charset=utf-8,false,200,0,0,Загрузите два PDF-файла и локально выделите визуальные различия между ними попиксельно.,,,87,1,true
21,https://handlemyfile.com/ko/pdf-bigyo,PDF 비교 - 두 PDF 간의 차이점 찾기 | HandleMyFile,text/html; charset=utf-8,false,200,0,0,두 개의 PDF 파일을 업로드하고 로컬에서 픽셀 단위로 시각적 차이를 강조하세요.,,,45,1,true
21,https://handlemyfile.com/sk/usporiadat-pdf,Usporiadajte PDF online – lokálne vložte stránky do PDF | HandleMyFile,text/html; charset=utf-8,false,200,0,0,Do prehliadača bezpečne vložte ďalší súbor PDF na konkrétny index stránky.,,,74,1,true
21,https://handlemyfile.com/sv/extrahera-bilder,Extrahera bilder från PDF - Spara alla bilder från PDF | HandleMyFile,text/html; charset=utf-8,false,200,0,0,Skanna din PDF direkt och extrahera alla inbäddade bilder som högkvalitativa JPG/PNG-filer lokalt.,,,98,1,true
21,https://handlemyfile.com/protect-pdf,Protect PDF Online - Password Protect PDF Locally | HandleMyFile,text/html; charset=utf-8,false,200,0,0,Secure your PDF files with AES-256 encryption and password protection locally in your browser.,,,94,1,true
21,https://handlemyfile.com/ru/podpisat-pdf,Подпишите PDF онлайн — добавьте электронную подпись в PDF | HandleMyFile,text/html; charset=utf-8,false,200,0,0,"Нарисуйте, загрузите или сгенерируйте электронную подпись и добавьте ее в свой PDF-файл.",,,88,1,true
21,https://handlemyfile.com/ro/decupati-pdf,Decupați PDF online - Eliminați marjele din PDF local | HandleMyFile,text/html; charset=utf-8,false,200,0,0,Eliminați marginile albe sau tăiați paginile PDF la o anumită dimensiune local în browser.,,,90,1,true
21,https://handlemyfile.com/th/hmun-pdf,หมุนหน้า PDF ออนไลน์ - เปิด PDF 90/180/270 องศาในเครื่อง | HandleMyFile,text/html; charset=utf-8,false,200,0,0,หมุนแต่ละหน้าหรือทุกหน้าในเอกสาร PDF ของคุณภายในไม่กี่วินาที ต้องอัปโหลดเป็นศูนย์,,,81,1,true
21,https://handlemyfile.com/th/ruupphaaphepn-pdf,แปลง JPG และ PNG เป็น PDF ออนไลน์ - รูปภาพเป็น PDF ในเครื่อง | HandleMyFile,text/html; charset=utf-8,false,200,0,0,รวมรูปภาพ ภาพหน้าจอ หรือรูปภาพ PNG/JPG ให้เป็นเอกสาร PDF เดียวที่สะอาดภายในเครื่องโดยไม่ต้องอัปโหลด,,,99,1,true
21,https://handlemyfile.com/zh/excel-zhuan-pdf,在线将 Excel 转换为 PDF - XLSX 和 XLS 本地转换为 PDF | HandleMyFile,text/html; charset=utf-8,false,200,0,0,在浏览器中将电子表格和财务数据转换为干净、可打印的 PDF 表格。,,,33,1,true
21,https://handlemyfile.com/ja/metadeta-sakujo,PDF メタデータを削除 - オンラインでプロパティをサニタイズ | HandleMyFile,text/html; charset=utf-8,false,200,0,0,プライバシーを向上させるために、作成者、作成者、その他の非表示のデジタル フットプリント プロパティを PDF ファイルからオフラインで削除します。,,,74,1,true
21,https://handlemyfile.com/ko/peiji-jegeo,온라인으로 PDF 페이지 제거 - PDF에서 로컬로 페이지 삭제 | HandleMyFile,text/html; charset=utf-8,false,200,0,0,브라우저 내에서 PDF 파일의 원치 않는 페이지를 안전하게 삭제하세요.,,,39,1,true
21,https://handlemyfile.com/he/hgn-l-pdf,הגן על PDF באינטרנט - הגן על PDF עם סיסמה מקומית | HandleMyFile,text/html; charset=utf-8,false,200,0,0,אבטח את קבצי ה-PDF שלך עם הצפנה AES-256 והגנת סיסמה באופן מקומי בדפדפן שלך.,,,75,1,true
21,https://handlemyfile.com/ko/pdf-hoejeon,온라인으로 PDF 페이지 회전 - 로컬에서 PDF를 90/180/270도 회전 | HandleMyFile,text/html; charset=utf-8,false,200,0,0,PDF 문서의 개별 페이지 또는 모든 페이지를 로컬에서 몇 초 만에 회전할 수 있습니다. 업로드가 필요하지 않습니다.,,,65,1,true
21,https://handlemyfile.com/cs/oriznout-pdf,Oříznout PDF online – odstranit okraje z PDF lokálně | HandleMyFile,text/html; charset=utf-8,false,200,0,0,Odstraňte bílé okraje nebo ořízněte stránky PDF na určitou velikost lokálně ve vašem prohlížeči.,,,96,1,true
21,https://handlemyfile.com/es/desbloquear-pdf,Desbloquear PDF en línea - Eliminar la contraseña de PDF localmente | HandleMyFile,text/html; charset=utf-8,false,200,0,0,Elimine la contraseña y el cifrado de sus archivos PDF al instante en su navegador.,,,83,1,true
21,https://handlemyfile.com/he/ppt-l-pdf,המרת PowerPoint ל-PDF - שקופיות PPTX ל-PDF באופן מקומי | HandleMyFile,text/html; charset=utf-8,false,200,0,0,שמור שקופיות מצגת PPTX כמסמכי PDF אוניברסליים לשיתוף והדפסה קלים ללא העלאות שרת.,,,80,1,true
21,https://handlemyfile.com/ko/pdfe-seomyeong,온라인으로 PDF에 서명 - PDF에 전자 서명 추가 | HandleMyFile,text/html; charset=utf-8,false,200,0,0,전자 서명을 그리거나 업로드하거나 생성하여 PDF에 추가하세요.,,,35,1,true
21,https://handlemyfile.com/ar/qrn-pdf,قارن PDF - ابحث عن الاختلافات بين ملفي PDF | HandleMyFile,text/html; charset=utf-8,false,200,0,0,قم بتحميل ملفين بتنسيق PDF وقم بتمييز الاختلافات المرئية بينهما بكسلًا تلو الآخر محليًا.,,,88,1,true
21,https://handlemyfile.com/zh/ye-ma,添加页码到 PDF - 本地自定义页眉和页脚 | HandleMyFile,text/html; charset=utf-8,false,200,0,0,通过浏览器中的完整样式控制，轻松将干净、可自定义的页码添加到 PDF 页眉或页脚。,,,41,1,true
21,https://handlemyfile.com/de/pdf-organisieren,PDF online organisieren – Seiten lokal in PDF einfügen | HandleMyFile,text/html; charset=utf-8,false,200,0,0,Fügen Sie eine weitere PDF-Datei an einem bestimmten Seitenindex sicher in Ihrem Browser ein.,,,93,1,true
21,https://handlemyfile.com/ja/txt-kara-pdf,オンラインで TXT を PDF に変換 - プレーン テキストから PDF ドキュメントへ | HandleMyFile,text/html; charset=utf-8,false,200,0,0,プレーン テキスト ファイルやコード ログを、ブラウザ上で即座に適切に構造化された読みやすい PDF ドキュメントに変換します。,,,64,1,true
21,https://handlemyfile.com/pl/przytnij-plik-pdf,Przytnij plik PDF online — usuń marginesy z pliku PDF lokalnie | HandleMyFile,text/html; charset=utf-8,false,200,0,0,Usuń białe marginesy lub przytnij strony PDF do określonego rozmiaru lokalnie w przeglądarce.,,,93,1,true
21,https://handlemyfile.com/he/rgn-pdf,ארגן PDF באינטרנט - הוסף דפים ל-PDF באופן מקומי | HandleMyFile,text/html; charset=utf-8,false,200,0,0,הוסף קובץ PDF נוסף באינדקס עמוד מסוים בצורה מאובטחת בתוך הדפדפן שלך.,,,68,1,true
21,https://handlemyfile.com/he/symn-mym-pdf,הוסף סימן מים ל-PDF - חותמת טקסט או תמונה מותאמת אישית באופן מקומי | HandleMyFile,text/html; charset=utf-8,false,200,0,0,הגן על הקניין הרוחני שלך על ידי החתמת טקסט שקוף או סימני מים על פני דפי ה-PDF שלך במצב לא מקוון.,,,96,1,true
21,https://handlemyfile.com/da/organiser-pdf,Organiser PDF online - Indsæt sider i PDF lokalt | HandleMyFile,text/html; charset=utf-8,false,200,0,0,Indsæt en anden PDF-fil på et bestemt sideindeks sikkert i din browser.,,,71,1,true
21,https://handlemyfile.com/vi/sap-xep-pdf,Sắp xếp PDF trực tuyến - Chèn trang vào PDF cục bộ | HandleMyFile,text/html; charset=utf-8,false,200,0,0,Chèn một tệp PDF khác vào chỉ mục trang cụ thể một cách an toàn bên trong trình duyệt của bạn.,,,94,1,true
21,https://handlemyfile.com/nl/vergelijk-pdf,Vergelijk PDF - Vind verschillen tussen twee PDF's | HandleMyFile,text/html; charset=utf-8,false,200,0,0,"Upload twee PDF-bestanden en markeer lokaal de visuele verschillen ertussen, pixel voor pixel.",,,94,1,true
21,https://handlemyfile.com/sv/las-upp-pdf,Lås upp PDF Online - Ta bort PDF-lösenord lokalt | HandleMyFile,text/html; charset=utf-8,false,200,0,0,Ta bort lösenord och kryptering från dina PDF-filer direkt i din webbläsare.,,,76,1,true
21,https://handlemyfile.com/ja/guresukeru-pdf,PDF をグレースケールに変換 - オンラインで白黒 PDF | HandleMyFile,text/html; charset=utf-8,false,200,0,0,カラーの PDF ドキュメントをブラウザで即座にグレースケールに変換し、印刷インクを節約します。,,,48,1,true
21,https://handlemyfile.com/zh/sao-miao-wei-pdf,扫描到 PDF - 使 PDF 不可编辑并在线光栅化 | HandleMyFile,text/html; charset=utf-8,false,200,0,0,将 PDF 文档栅格化为 PDF 内的平面图像。防止在浏览器中安全地复制粘贴和编辑。,,,42,1,true
21,https://handlemyfile.com/hi/pnne-httaaen,पीडीएफ पेजों को ऑनलाइन हटाएं - पीडीएफ से पेजों को स्थानीय रूप से हटाएं | HandleMyFile,text/html; charset=utf-8,false,200,0,0,अपने ब्राउज़र के अंदर अपनी पीडीएफ फ़ाइल से अवांछित पृष्ठों को सुरक्षित रूप से हटाएं।,,,84,1,true
21,https://handlemyfile.com/zh/csv-dao-excel,免费 CSV 到 Excel 转换器 (.xlsx) - 即时浏览器引擎 | HandleMyFile,text/html; charset=utf-8,false,200,0,0,将原始 CSV 文件转换为格式正确的 Excel 电子表格，并支持多工作表和离线零数据丢失。,,,46,1,true
21,https://handlemyfile.com/ar/fth-mlf-pdf,فتح ملف PDF عبر الإنترنت - إزالة كلمة مرور ملف PDF محليًا | HandleMyFile,text/html; charset=utf-8,false,200,0,0,قم بإزالة كلمة المرور والتشفير من ملفات PDF الخاصة بك على الفور في متصفحك.,,,74,1,true
21,https://handlemyfile.com/ja/pdf-kara-gazo,オンラインで PDF を JPG/PNG 画像に変換 - ページを ZIP に抽出 | HandleMyFile,text/html; charset=utf-8,false,200,0,0,PDF ページをローカルで鮮明な PNG/JPG 画像にラスタライズします。個別にダウンロードするか、高速 ZIP アーカイブとしてダウンロードします。,,,76,1,true
21,https://handlemyfile.com/fi/avaa-pdf,Avaa PDF Online - Poista PDF-salasana paikallisesti | HandleMyFile,text/html; charset=utf-8,false,200,0,0,Poista salasana ja salaus PDF-tiedostoistasi heti selaimessasi.,,,63,1,true
21,https://handlemyfile.com/zh/shan-chu-ye-mian,在线删除 PDF 页面 - 本地从 PDF 删除页面 | HandleMyFile,text/html; charset=utf-8,false,200,0,0,在浏览器中安全地删除 PDF 文件中不需要的页面。,,,25,1,true
21,https://handlemyfile.com/zh/xuan-zhuan-pdf,在线旋转 PDF 页面 - 在本地将 PDF 旋转 90/180/270 度 | HandleMyFile,text/html; charset=utf-8,false,200,0,0,只需几秒钟即可在本地旋转 PDF 文档中的单个页面或所有页面。需要零上传。,,,37,1,true
21,https://handlemyfile.com/hu/oldalak-eltavolitasa,PDF-oldalak eltávolítása online – Oldalak törlése a PDF-ből helyileg | HandleMyFile,text/html; charset=utf-8,false,200,0,0,Törölje biztonságosan a nem kívánt oldalakat PDF-fájljából a böngészőben.,,,73,1,true
21,https://handlemyfile.com/ko/pdfreul-pptro,무료 PDF를 PowerPoint 변환기(.pptx)로 변환 - 업로드 없음 | HandleMyFile,text/html; charset=utf-8,false,200,0,0,여러 페이지로 구성된 PDF 문서를 브라우저 RAM 내에서 충실도가 높은 편집 가능한 PowerPoint(.pptx) 슬라이드로 변환하세요.,,,78,1,true
21,https://handlemyfile.com/pl/chron-plik-pdf,Chroń plik PDF online — chroń plik PDF hasłem lokalnie | HandleMyFile,text/html; charset=utf-8,false,200,0,0,Zabezpiecz swoje pliki PDF za pomocą szyfrowania AES-256 i ochrony hasłem lokalnie w przeglądarce.,,,98,1,true
21,https://handlemyfile.com/ja/pdf-bunkatsu,オンラインで PDF を分割 - ページを個別に抽出 |クライアント側のプライバシー | HandleMyFile,text/html; charset=utf-8,false,200,0,0,1 つ以上の PDF ページを独立した PDF ファイルまたはローカルの ZIP アーカイブに分割します。高速、安全、100% ブラウザベース。,,,72,1,true
21,https://handlemyfile.com/fi/suojaa-pdf,Suojaa PDF Online - Salasana Suojaa PDF paikallisesti | HandleMyFile,text/html; charset=utf-8,false,200,0,0,Suojaa PDF-tiedostosi AES-256-salauksella ja salasanasuojauksella paikallisesti selaimessasi.,,,93,1,true
21,https://handlemyfile.com/sv/signera-pdf,Signera PDF Online - Lägg till elektronisk signatur till PDF | HandleMyFile,text/html; charset=utf-8,false,200,0,0,"Rita, ladda upp eller generera en elektronisk signatur och lägg till den i din PDF.",,,83,1,true
21,https://handlemyfile.com/zh/wen-zi-shi-bie-pdf,免费浏览器 OCR - 从扫描的 PDF 和图像中提取文本 | HandleMyFile,text/html; charset=utf-8,false,200,0,0,使用多语言 WebAssembly OCR 工作人员将不可搜索的扫描 PDF 和图像在本地转换为可编辑的纯文本。,,,56,1,true
21,https://handlemyfile.com/fi/jarjesta-pdf,Järjestä PDF Online - Lisää sivuja PDF-tiedostoon paikallisesti | HandleMyFile,text/html; charset=utf-8,false,200,0,0,Lisää toinen PDF-tiedosto tiettyyn sivuhakemistoon turvallisesti selaimesi sisään.,,,82,1,true
21,https://handlemyfile.com/cs/odebrat-stranky,Odebrat stránky PDF online – odstranit stránky z PDF lokálně | HandleMyFile,text/html; charset=utf-8,false,200,0,0,Odstraňte nechtěné stránky ze souboru PDF bezpečně v prohlížeči.,,,64,1,true
21,https://handlemyfile.com/hi/saain-piiddiieph,पीडीएफ पर ऑनलाइन हस्ताक्षर करें - पीडीएफ में इलेक्ट्रॉनिक हस्ताक्षर जोड़ें | HandleMyFile,text/html; charset=utf-8,false,200,0,0,"इलेक्ट्रॉनिक हस्ताक्षर बनाएं, अपलोड करें या जनरेट करें और इसे अपने पीडीएफ में जोड़ें।",,,85,1,true
21,https://handlemyfile.com/th/lngchuue-pdf,ลงนาม PDF ออนไลน์ - เพิ่มลายเซ็นอิเล็กทรอนิกส์ลงใน PDF | HandleMyFile,text/html; charset=utf-8,false,200,0,0,วาด อัปโหลด หรือสร้างลายเซ็นอิเล็กทรอนิกส์และเพิ่มลงใน PDF ของคุณ,,,65,1,true
21,https://handlemyfile.com/ja/csv-kara-excel,無料の CSV から Excel コンバーター (.xlsx) - インスタント ブラウザ エンジン | HandleMyFile,text/html; charset=utf-8,false,200,0,0,生の CSV ファイルを、オフラインでのマルチシートのサポートとゼロのデータ損失を備えた、適切にフォーマットされた Excel スプレッドシートに変換します。,,,79,1,true
21,https://handlemyfile.com/zh/fen-ge-pdf,在线拆分 PDF - 单独提取页面 |客户端隐私 | HandleMyFile,text/html; charset=utf-8,false,200,0,0,将一个或多个 PDF 页面分离为独立的 PDF 文件或本地 ZIP 存档。快速、安全且 100% 基于浏览器。,,,55,1,true
21,https://handlemyfile.com/ja/excel-kara-pdf,オンラインで Excel を PDF に変換 - XLSX および XLS をローカルで PDF に | HandleMyFile,text/html; charset=utf-8,false,200,0,0,スプレッドシートと財務データを、ブラウザーでオフラインで印刷可能なクリーンな PDF テーブルに変換します。,,,54,1,true
21,https://handlemyfile.com/ko/imijireul-pdfro,온라인에서 JPG 및 PNG를 PDF로 변환 - 이미지를 로컬에서 PDF로 변환 | HandleMyFile,text/html; charset=utf-8,false,200,0,0,"업로드하지 않고도 로컬에서 사진, 스크린샷 또는 PNG/JPG 이미지를 하나의 깨끗한 PDF 문서로 결합할 수 있습니다.",,,67,1,true
21,https://handlemyfile.com/zh/txt-zhuan-pdf,在线将 TXT 转换为 PDF - 纯文本到 PDF 文档 | HandleMyFile,text/html; charset=utf-8,false,200,0,0,在浏览器中立即快速将纯文本文件或代码日志转换为结构良好、可读的 PDF 文档。,,,39,1,true
21,https://handlemyfile.com/no/sammenlign-pdf,Sammenlign PDF - Finn forskjeller mellom to PDF-er | HandleMyFile,text/html; charset=utf-8,false,200,0,0,Last opp to PDF-filer og fremhev de visuelle forskjellene mellom dem piksel for piksel lokalt.,,,94,1,true
21,https://handlemyfile.com/da/fjern-sider,Fjern PDF-sider online - Slet sider fra PDF lokalt | HandleMyFile,text/html; charset=utf-8,false,200,0,0,Slet uønskede sider fra din PDF-fil sikkert i din browser.,,,58,1,true
21,https://handlemyfile.com/th/epriiybethiiyb-pdf,เปรียบเทียบ PDF - ค้นหาความแตกต่างระหว่างสอง PDF | HandleMyFile,text/html; charset=utf-8,false,200,0,0,อัปโหลดไฟล์ PDF สองไฟล์และเน้นความแตกต่างทางภาพระหว่างไฟล์เหล่านั้นแบบพิกเซลต่อพิกเซลในเครื่อง,,,94,1,true
21,https://handlemyfile.com/ro/protejati-pdf,Protejați PDF online - Protejați PDF cu parolă local | HandleMyFile,text/html; charset=utf-8,false,200,0,0,Securizează fișierele PDF cu criptarea AES-256 și protecția cu parolă local în browser.,,,87,1,true
21,https://handlemyfile.com/ja/ppt-kara-pdf,PowerPoint を PDF に変換 - PPTX スライドをローカルで PDF に | HandleMyFile,text/html; charset=utf-8,false,200,0,0,PPTX プレゼンテーション スライドをユニバーサル PDF ドキュメントとして保存すると、サーバーにアップロードせずに簡単に共有したり印刷したりできます。,,,78,1,true
21,https://handlemyfile.com/no/fjern-sider,Fjern PDF-sider på nettet - Slett sider fra PDF lokalt | HandleMyFile,text/html; charset=utf-8,false,200,0,0,Slett uønskede sider fra PDF-filen din trygt i nettleseren din.,,,63,1,true
21,https://handlemyfile.com/it/sblocca-pdf,Sblocca PDF online - Rimuovi la password PDF localmente | HandleMyFile,text/html; charset=utf-8,false,200,0,0,Rimuovi immediatamente la password e la crittografia dai tuoi file PDF nel tuo browser.,,,87,1,true
21,https://handlemyfile.com/vi/mo-khoa-pdf,Mở khóa PDF trực tuyến - Xóa mật khẩu PDF cục bộ | HandleMyFile,text/html; charset=utf-8,false,200,0,0,Xóa mật khẩu và mã hóa khỏi tệp PDF ngay trong trình duyệt của bạn.,,,67,1,true
21,https://handlemyfile.com/he/rykt-pdf,עריכת PDF - הסרה מאובטחת של טקסט ותמונות | HandleMyFile,text/html; charset=utf-8,false,200,0,0,צייר תיבות עריכה על מידע פרטי. העמודים המוצנעים עוברים רסטר מלא כדי להרוס לצמיתות את הטקסט המוסתר.,,,98,1,true
21,https://handlemyfile.com/ro/deblocati-pdf,Deblocați PDF online - Eliminați parola PDF local | HandleMyFile,text/html; charset=utf-8,false,200,0,0,Eliminați parola și criptarea din fișierele PDF instantaneu în browser.,,,71,1,true
21,https://handlemyfile.com/es/comparar-pdf,Comparar PDF: encuentre diferencias entre dos archivos PDF | HandleMyFile,text/html; charset=utf-8,false,200,0,0,Cargue dos archivos PDF y resalte las diferencias visuales entre ellos píxel por píxel localmente.,,,98,1,true
21,https://handlemyfile.com/da/las-pdf-op,Lås PDF online op - Fjern PDF-adgangskode lokalt | HandleMyFile,text/html; charset=utf-8,false,200,0,0,Fjern adgangskode og kryptering fra dine PDF-filer med det samme i din browser.,,,79,1,true
21,https://handlemyfile.com/uk/porivnyati-pdf,Порівняти PDF - знайти відмінності між двома PDF-файлами | HandleMyFile,text/html; charset=utf-8,false,200,0,0,Завантажте два файли PDF і виділіть візуальні відмінності між ними піксель за пікселем локально.,,,96,1,true
21,https://handlemyfile.com/fr/supprimer-des-pages,Supprimer des pages PDF en ligne - Supprimer des pages d'un PDF localement | HandleMyFile,text/html; charset=utf-8,false,200,0,0,Supprimez les pages indésirables de votre fichier PDF en toute sécurité dans votre navigateur.,,,94,1,true
21,https://handlemyfile.com/hu/pdf-alairasa,PDF aláírása online – Elektronikus aláírás hozzáadása a PDF-hez | HandleMyFile,text/html; charset=utf-8,false,200,0,0,"Rajzoljon, töltsön fel vagy generáljon elektronikus aláírást, és adja hozzá a PDF-fájlhoz.",,,90,1,true
21,https://handlemyfile.com/es/eliminar-paginas,Eliminar páginas PDF en línea: eliminar páginas de PDF localmente | HandleMyFile,text/html; charset=utf-8,false,200,0,0,Elimine las páginas no deseadas de su archivo PDF de forma segura dentro de su navegador.,,,89,1,true
21,https://handlemyfile.com/th/pdf-radabsiiethaa,แปลง PDF เป็นโทนสีเทา - PDF ขาวดำออนไลน์ | HandleMyFile,text/html; charset=utf-8,false,200,0,0,แปลงเอกสาร PDF แบบสีให้เป็นระดับสีเทาทันทีในเบราว์เซอร์ของคุณเพื่อประหยัดหมึกพิมพ์,,,82,1,true
21,https://handlemyfile.com/el/sygkrisi-pdf,Συγκρίνετε PDF - Βρείτε τις διαφορές μεταξύ δύο αρχείων PDF | HandleMyFile,text/html; charset=utf-8,false,200,0,0,Μεταφορτώστε δύο αρχεία PDF και επισημάνετε τις οπτικές διαφορές μεταξύ τους pixel-pixel τοπικά.,,,96,1,true
21,https://handlemyfile.com/el/ypografi-pdf,Υπογραφή PDF Online - Προσθήκη Ηλεκτρονικής Υπογραφής σε PDF | HandleMyFile,text/html; charset=utf-8,false,200,0,0,"Σχεδιάστε, μεταφορτώστε ή δημιουργήστε μια ηλεκτρονική υπογραφή και προσθέστε τη στο PDF σας.",,,93,1,true
21,https://handlemyfile.com/ja/pdf-suminuri,PDF を墨消し - テキストと画像を安全に黒く塗りつぶします | HandleMyFile,text/html; charset=utf-8,false,200,0,0,個人情報の上に編集ボックスを描画します。編集されたページは完全にラスター化され、隠しテキストが永久に破壊されます。,,,57,1,true
21,https://handlemyfile.com/pt/desbloquear-pdf,Desbloqueie PDF Online - Remova a senha do PDF localmente | HandleMyFile,text/html; charset=utf-8,false,200,0,0,Remova a senha e a criptografia dos seus arquivos PDF instantaneamente no seu navegador.,,,88,1,true
21,https://handlemyfile.com/zh/jie-suo-pdf,在线解锁 PDF - 本地删除 PDF 密码 | HandleMyFile,text/html; charset=utf-8,false,200,0,0,在浏览器中立即删除 PDF 文件的密码和加密。,,,23,1,true
21,https://handlemyfile.com/ar/qs-mlf-pdf,قص ملف PDF عبر الإنترنت - إزالة الهوامش من ملف PDF محليًا | HandleMyFile,text/html; charset=utf-8,false,200,0,0,قم بإزالة الهوامش البيضاء أو قص صفحات PDF بحجم معين محليًا في متصفحك.,,,69,1,true
21,https://handlemyfile.com/no/signer-pdf,Signer PDF Online - Legg til elektronisk signatur til PDF | HandleMyFile,text/html; charset=utf-8,false,200,0,0,"Tegn, last opp eller generer en elektronisk signatur og legg den til i PDF-en.",,,78,1,true
21,https://handlemyfile.com/da/excel-til-pdf,Konverter Excel til PDF online - XLSX & XLS til PDF lokalt | HandleMyFile,text/html; charset=utf-8,false,200,0,0,"Omdan regneark og økonomiske data til rene, printbare PDF-tabeller offline i din browser.",,,89,1,true
21,https://handlemyfile.com/pt/comparar-pdf,Compare PDF - Encontre diferenças entre dois PDFs | HandleMyFile,text/html; charset=utf-8,false,200,0,0,"Carregue dois arquivos PDF e destaque localmente as diferenças visuais entre eles, pixel por pixel.",,,99,1,true
21,https://handlemyfile.com/he/srvq-l-pdf,סרוק ל-PDF - הפוך את PDF לבלתי ניתן לעריכה ורסטר באינטרנט | HandleMyFile,text/html; charset=utf-8,false,200,0,0,רסטר את מסמכי ה-PDF שלך לתמונות שטוחות בתוך PDF. מונע העתקה והדבקה ועריכה בצורה מאובטחת בדפדפן שלך.,,,99,1,true
21,https://handlemyfile.com/it/rimuovi-pagine,Rimuovi pagine PDF online - Elimina pagine da PDF localmente | HandleMyFile,text/html; charset=utf-8,false,200,0,0,Elimina le pagine indesiderate dal tuo file PDF in modo sicuro nel tuo browser.,,,79,1,true
21,https://handlemyfile.com/ar/tnzym-qwt-ldfaa-lshaaby,تنظيم PDF عبر الإنترنت - إدراج الصفحات في PDF محليًا | HandleMyFile,text/html; charset=utf-8,false,200,0,0,قم بإدراج ملف PDF آخر في فهرس صفحة محدد بشكل آمن داخل متصفحك.,,,61,1,true
21,https://handlemyfile.com/ja/pdf-kaiten,オンラインで PDF ページを回転 - PDF をローカルで 90/180/270 度回転 | HandleMyFile,text/html; charset=utf-8,false,200,0,0,PDF ドキュメント内の個々のページまたはすべてのページをローカルで数秒で回転します。アップロードは必要ありません。,,,58,1,true
21,https://handlemyfile.com/ar/ppt-l~-pdf,تحويل PowerPoint إلى PDF - شرائح PPTX إلى PDF محليًا | HandleMyFile,text/html; charset=utf-8,false,200,0,0,احفظ شرائح العرض التقديمي PPTX كمستندات PDF عالمية لسهولة المشاركة والطباعة دون تحميلات على الخادم.,,,99,1,true
21,https://handlemyfile.com/ar/tdrj-lrmdy-pdf,تحويل ملف PDF إلى تدرج الرمادي - ملف PDF بالأبيض والأسود عبر الإنترنت | HandleMyFile,text/html; charset=utf-8,false,200,0,0,قم بتحويل مستندات PDF الملونة إلى التدرج الرمادي على الفور في متصفحك لحفظ حبر الطباعة.,,,86,1,true
21,https://handlemyfile.com/ja/gazo-kara-pdf,オンラインで JPG および PNG を PDF に変換 - 画像をローカルで PDF に | HandleMyFile,text/html; charset=utf-8,false,200,0,0,写真、スクリーンショット、または PNG/JPG 画像を、アップロードせずにローカルで 1 つのクリーンな PDF ドキュメントに結合します。,,,71,1,true
21,https://handlemyfile.com/ja/pdf-hanten,PDF ページを反転 - PDF ページの順序を逆に変更します | HandleMyFile,text/html; charset=utf-8,false,200,0,0,ブラウザーで PDF ドキュメント内のページの順序を最後から最初に瞬時に安全に反転します。,,,45,1,true
21,https://handlemyfile.com/pl/odblokuj-pdf,Odblokuj plik PDF online — usuń hasło z pliku PDF lokalnie | HandleMyFile,text/html; charset=utf-8,false,200,0,0,Natychmiast usuń hasło i szyfrowanie z plików PDF w przeglądarce.,,,65,1,true
21,https://handlemyfile.com/he/svbb-pdf,סובב דפי PDF באינטרנט - הפוך את PDF ל-90/180/270 מעלות באופן מקומי | HandleMyFile,text/html; charset=utf-8,false,200,0,0,סובב עמודים בודדים או כל העמודים במסמך ה-PDF שלך באופן מקומי תוך שניות. נדרשות אפס העלאות.,,,90,1,true
21,https://handlemyfile.com/da/signer-pdf,Signer PDF online - Føj elektronisk signatur til PDF | HandleMyFile,text/html; charset=utf-8,false,200,0,0,"Tegn, upload eller generer en elektronisk signatur og føj den til din PDF.",,,74,1,true
21,https://handlemyfile.com/ko/pdf-jeongri,PDF를 온라인으로 구성 - 로컬에서 PDF에 페이지 삽입 | HandleMyFile,text/html; charset=utf-8,false,200,0,0,브라우저 내부의 특정 페이지 색인에 다른 PDF 파일을 안전하게 삽입하세요.,,,42,1,true
21,https://handlemyfile.com/zh/excel-dao-csv,免费 Excel 到 CSV 转换器（.xlsx 到 .csv）- 零上传 | HandleMyFile,text/html; charset=utf-8,false,200,0,0,完全在浏览器中将数据从 Microsoft Excel 电子表格（.xlsx、.xls）快速导出为通用 CSV 格式。,,,59,1,true
21,https://handlemyfile.com/pl/organizuj-pdf,Organizuj pliki PDF online — wstawiaj strony do plików PDF lokalnie | HandleMyFile,text/html; charset=utf-8,false,200,0,0,Wstaw bezpiecznie inny plik PDF w określonym indeksie strony w przeglądarce.,,,76,1,true
21,https://handlemyfile.com/sk/podpisat-pdf,Podpísať PDF online – Pridať elektronický podpis do PDF | HandleMyFile,text/html; charset=utf-8,false,200,0,0,"Nakreslite, nahrajte alebo vygenerujte elektronický podpis a pridajte ho do svojho PDF.",,,87,1,true
21,https://handlemyfile.com/he/khlts-tmvnvt,חלץ תמונות מ-PDF - שמור את כל התמונות מ-PDF | HandleMyFile,text/html; charset=utf-8,false,200,0,0,סרוק באופן מיידי את ה-PDF שלך וחלץ את כל התמונות המוטבעות כקבצי JPG/PNG באיכות גבוהה באופן מקומי.,,,97,1,true
21,https://handlemyfile.com/nl/pdf-bijsnijden,PDF online bijsnijden - Marges lokaal uit PDF verwijderen | HandleMyFile,text/html; charset=utf-8,false,200,0,0,Verwijder witte marges of knip PDF-pagina's lokaal in uw browser op een specifiek formaat.,,,90,1,true
21,https://handlemyfile.com/pl/podpisz-pdf,Podpisz PDF online — dodaj podpis elektroniczny do pliku PDF | HandleMyFile,text/html; charset=utf-8,false,200,0,0,"Narysuj, prześlij lub wygeneruj podpis elektroniczny i dodaj go do pliku PDF.",,,77,1,true
21,https://handlemyfile.com/compare-pdf,Compare PDF - Find Differences Between Two PDFs | HandleMyFile,text/html; charset=utf-8,false,200,0,0,Upload two PDF files and highlight the visual differences between them pixel-by-pixel locally.,,,94,1,true
21,https://handlemyfile.com/zh/cai-jian-pdf,在线裁剪 PDF - 本地删除 PDF 的边距 | HandleMyFile,text/html; charset=utf-8,false,200,0,0,在浏览器中本地删除白边距或将 PDF 页面剪切为特定尺寸。,,,29,1,true
21,https://handlemyfile.com/ja/peji-bango,PDF にページ番号を追加 - カスタム ヘッダーとフッターをローカルで | HandleMyFile,text/html; charset=utf-8,false,200,0,0,ブラウザで完全なスタイル コントロールを使用して、きれいでカスタマイズ可能なページ番号を PDF ヘッダーまたはフッターに簡単に追加できます。,,,71,1,true
21,https://handlemyfile.com/th/lbhnaa,ลบหน้า PDF ออนไลน์ - ลบหน้าออกจาก PDF ในเครื่อง | HandleMyFile,text/html; charset=utf-8,false,200,0,0,ลบหน้าที่ไม่ต้องการออกจากไฟล์ PDF ของคุณอย่างปลอดภัยภายในเบราว์เซอร์ของคุณ,,,74,1,true
21,https://handlemyfile.com/da/sammenlign-pdf,Sammenlign PDF - Find forskelle mellem to PDF'er | HandleMyFile,text/html; charset=utf-8,false,200,0,0,"Upload to PDF-filer, og fremhæv de visuelle forskelle mellem dem pixel-for-pixel lokalt.",,,88,1,true
21,https://handlemyfile.com/cs/usporadat-pdf,Uspořádejte PDF online – vložení stránek do PDF lokálně | HandleMyFile,text/html; charset=utf-8,false,200,0,0,Vložte další soubor PDF na konkrétní index stránky bezpečně do vašeho prohlížeče.,,,81,1,true
21,https://handlemyfile.com/zh/hui-du-pdf,将 PDF 转换为灰度 - 在线黑白 PDF | HandleMyFile,text/html; charset=utf-8,false,200,0,0,在浏览器中立即将彩色 PDF 文档转换为灰度以节省印刷墨水。,,,30,1,true
21,https://handlemyfile.com/ko/pdfreul-boho,PDF를 온라인으로 보호 - 비밀번호로 PDF를 로컬로 보호 | HandleMyFile,text/html; charset=utf-8,false,200,0,0,브라우저에서 로컬로 AES-256 암호화 및 비밀번호 보호를 통해 PDF 파일을 보호하세요.,,,51,1,true
21,https://handlemyfile.com/pt/remover-paginas,Remover páginas de PDF online - Excluir páginas de PDF localmente | HandleMyFile,text/html; charset=utf-8,false,200,0,0,Exclua páginas indesejadas do seu arquivo PDF com segurança dentro do seu navegador.,,,84,1,true
21,https://handlemyfile.com/ko/ocr-pdf,무료 브라우저 OCR - 스캔한 PDF 및 이미지에서 텍스트 추출 | HandleMyFile,text/html; charset=utf-8,false,200,0,0,다국어 WebAssembly OCR 작업자를 사용하여 검색 불가능한 스캔 PDF 및 이미지를 로컬에서 편집 가능한 일반 텍스트로 변환합니다.,,,78,1,true
21,https://handlemyfile.com/ar/zl-lsfht,إزالة صفحات PDF عبر الإنترنت - حذف الصفحات من PDF محليًا | HandleMyFile,text/html; charset=utf-8,false,200,0,0,احذف الصفحات غير المرغوب فيها من ملف PDF الخاص بك بشكل آمن داخل متصفحك.,,,71,1,true
21,https://handlemyfile.com/sv/ta-bort-sidor,Ta bort PDF-sidor online - Ta bort sidor från PDF lokalt | HandleMyFile,text/html; charset=utf-8,false,200,0,0,Ta bort oönskade sidor från din PDF-fil säkert i din webbläsare.,,,64,1,true
21,https://handlemyfile.com/th/aeykruupphaaph,แยกรูปภาพจาก PDF - บันทึกรูปภาพทั้งหมดจาก PDF | HandleMyFile,text/html; charset=utf-8,false,200,0,0,สแกน PDF ของคุณทันทีและแยกรูปภาพที่ฝังไว้ทั้งหมดเป็นไฟล์ JPG/PNG คุณภาพสูงในเครื่อง,,,83,1,true
21,https://handlemyfile.com/vi/cat-pdf,Cắt PDF trực tuyến - Xóa lề khỏi PDF cục bộ | HandleMyFile,text/html; charset=utf-8,false,200,0,0,Xóa lề trắng hoặc cắt các trang PDF theo kích thước cụ thể cục bộ trong trình duyệt của bạn.,,,92,1,true
21,https://handlemyfile.com/ko/pdfreul-imijiro,온라인에서 PDF를 JPG/PNG 이미지로 변환 - 페이지를 ZIP으로 추출 | HandleMyFile,text/html; charset=utf-8,false,200,0,0,PDF 페이지를 로컬에서 선명한 PNG/JPG 이미지로 래스터화합니다. 개별적으로 다운로드하거나 고속 ZIP 아카이브로 다운로드하세요.,,,75,1,true
21,https://handlemyfile.com/ko/pdf-jareugi,온라인으로 PDF 자르기 - PDF에서 로컬로 여백 제거 | HandleMyFile,text/html; charset=utf-8,false,200,0,0,흰색 여백을 제거하거나 브라우저에서 로컬로 PDF 페이지를 특정 크기로 자릅니다.,,,45,1,true
21,https://handlemyfile.com/fi/allekirjoita-pdf,Allekirjoita PDF verkossa - Lisää sähköinen allekirjoitus PDF-tiedostoon | HandleMyFile,text/html; charset=utf-8,false,200,0,0,"Piirrä, lataa tai luo sähköinen allekirjoitus ja lisää se PDF-tiedostoosi.",,,74,1,true
21,https://handlemyfile.com/es/organizar-pdf,Organice PDF en línea: inserte páginas en PDF localmente | HandleMyFile,text/html; charset=utf-8,false,200,0,0,Inserte otro archivo PDF en un índice de página específico de forma segura dentro de su navegador.,,,98,1,true
21,https://handlemyfile.com/zh/ti-qu-tu-xiang,从 PDF 中提取图像 - 保存 PDF 中的所有图片 | HandleMyFile,text/html; charset=utf-8,false,200,0,0,立即扫描您的 PDF 并将所有嵌入图像提取为本地高质量 JPG/PNG 文件。,,,39,1,true
21,https://handlemyfile.com/no/las-opp-pdf,Lås opp PDF Online - Fjern PDF-passord lokalt | HandleMyFile,text/html; charset=utf-8,false,200,0,0,Fjern passord og kryptering fra PDF-filene dine umiddelbart i nettleseren din.,,,78,1,true
21,https://handlemyfile.com/tr/pdf-yi-duzenle,PDF'yi Çevrimiçi Düzenleyin - Sayfaları PDF'ye Yerel Olarak Ekle | HandleMyFile,text/html; charset=utf-8,false,200,0,0,Belirli bir sayfa dizinine başka bir PDF dosyasını tarayıcınıza güvenli bir şekilde ekleyin.,,,92,1,true
21,https://handlemyfile.com/no/organiser-pdf,Organiser PDF Online - Sett inn sider i PDF lokalt | HandleMyFile,text/html; charset=utf-8,false,200,0,0,Sett inn en annen PDF-fil på en bestemt sideindeks sikkert i nettleseren din.,,,77,1,true
21,https://handlemyfile.com/zh/qian-shu-pdf,在线签署 PDF - 将电子签名添加到 PDF | HandleMyFile,text/html; charset=utf-8,false,200,0,0,绘制、上传或生成电子签名并将其添加到您的 PDF 中。,,,27,1,true
21,https://handlemyfile.com/ko/pdfro-seukaen,PDF로 스캔 - PDF를 편집 불가능하게 만들고 온라인으로 래스터화 | HandleMyFile,text/html; charset=utf-8,false,200,0,0,PDF 문서를 PDF 내의 평면 이미지로 래스터화하세요. 브라우저에서 안전하게 복사-붙여넣기 및 편집을 방지합니다.,,,64,1,true
21,https://handlemyfile.com/hu/pdf-osszehasonlitasa,PDF összehasonlítása – Keressen különbségeket két PDF között | HandleMyFile,text/html; charset=utf-8,false,200,0,0,"Töltsön fel két PDF-fájlt, és helyileg emelje ki a köztük lévő vizuális különbségeket pixelenként.",,,98,1,true
21,https://handlemyfile.com/de/seiten-entfernen,PDF-Seiten online entfernen – Seiten lokal aus PDF löschen | HandleMyFile,text/html; charset=utf-8,false,200,0,0,Löschen Sie unerwünschte Seiten sicher aus Ihrer PDF-Datei in Ihrem Browser.,,,76,1,true
21,https://handlemyfile.com/th/cchadraebiiyb-pdf,จัดระเบียบ PDF ออนไลน์ - แทรกหน้าลงใน PDF ในเครื่อง | HandleMyFile,text/html; charset=utf-8,false,200,0,0,แทรกไฟล์ PDF อื่นที่ดัชนีหน้าเฉพาะอย่างปลอดภัยภายในเบราว์เซอร์ของคุณ,,,68,1,true
21,https://handlemyfile.com/ms/tandatangan-pdf,Tandatangan PDF Dalam Talian - Tambahkan Tandatangan Elektronik pada PDF | HandleMyFile,text/html; charset=utf-8,false,200,0,0,"Lukis, muat naik atau jana tandatangan elektronik dan tambahkannya pada PDF anda.",,,81,1,true
21,https://handlemyfile.com/sk/porovnat-pdf,Porovnanie PDF – nájdite rozdiely medzi dvoma PDF | HandleMyFile,text/html; charset=utf-8,false,200,0,0,Nahrajte dva súbory PDF a lokálne zvýraznite vizuálne rozdiely medzi nimi pixel po pixeli.,,,90,1,true
21,https://handlemyfile.com/sk/orezat-pdf,Orezať PDF online – lokálne odstrániť okraje z PDF | HandleMyFile,text/html; charset=utf-8,false,200,0,0,Odstráňte biele okraje alebo orežte stránky PDF na určitú veľkosť lokálne vo vašom prehliadači.,,,95,1,true
21,https://handlemyfile.com/ja/pdf-sukashi,PDF に透かしを追加 - カスタム テキストまたは画像をローカルにスタンプします | HandleMyFile,text/html; charset=utf-8,false,200,0,0,オフラインで PDF ページ全体に透明なテキストまたは画像の透かしをスタンプして、知的財産を保護します。,,,52,1,true
21,https://handlemyfile.com/ko/txtreul-pdfro,온라인에서 TXT를 PDF로 변환 - 일반 텍스트를 PDF 문서로 | HandleMyFile,text/html; charset=utf-8,false,200,0,0,일반 텍스트 파일이나 코드 로그를 브라우저에서 즉시 체계적이고 읽기 쉬운 PDF 문서로 빠르게 변환하세요.,,,59,1,true
21,https://handlemyfile.com/zh/ppt-zhuan-pdf,将 PowerPoint 转换为 PDF - PPTX 幻灯片本地转换为 PDF | HandleMyFile,text/html; charset=utf-8,false,200,0,0,将 PPTX 演示幻灯片另存为通用 PDF 文档，以便轻松共享和打印，无需服务器上传。,,,43,1,true
21,https://handlemyfile.com/zh/tu-pian-zhuan-pdf,在线将 JPG 和 PNG 转换为 PDF - 将图像本地转换为 PDF | HandleMyFile,text/html; charset=utf-8,false,200,0,0,在本地将照片、屏幕截图或 PNG/JPG 图像合并为一个干净的 PDF 文档，无需上传。,,,44,1,true
21,https://handlemyfile.com/zh/fan-zhuan-pdf,反转 PDF 页面 - 向后更改 PDF 页面顺序 | HandleMyFile,text/html; charset=utf-8,false,200,0,0,在浏览器中立即安全地将 PDF 文档中的页面顺序从最后一页安全地颠倒到第一页。,,,39,1,true
21,https://handlemyfile.com/sk/odstranit-stranky,Odstrániť stránky PDF online – lokálne odstrániť stránky z PDF | HandleMyFile,text/html; charset=utf-8,false,200,0,0,Bezpečne odstráňte nechcené stránky zo súboru PDF vo svojom prehliadači.,,,72,1,true
21,https://handlemyfile.com/ko/pdf-bunhal,PDF를 온라인으로 분할 - 페이지를 별도로 추출 | 클라이언트측 개인정보 보호 | HandleMyFile,text/html; charset=utf-8,false,200,0,0,하나 이상의 PDF 페이지를 독립적인 PDF 파일이나 로컬 ZIP 아카이브로 분리합니다. 빠르고 안전하며 100% 브라우저 기반입니다.,,,75,1,true
21,https://handlemyfile.com/no/beskjaer-pdf,Beskjær PDF på nett - Fjern marginer fra PDF lokalt | HandleMyFile,text/html; charset=utf-8,false,200,0,0,Fjern hvite marger eller kutt PDF-sider til en bestemt størrelse lokalt i nettleseren din.,,,90,1,true
21,https://handlemyfile.com/ar/stkhrj-lswr,استخراج الصور من PDF - حفظ جميع الصور من PDF | HandleMyFile,text/html; charset=utf-8,false,200,0,0,قم بمسح ملف PDF الخاص بك على الفور واستخرج جميع الصور المضمنة كملفات JPG/PNG عالية الجودة محليًا.,,,97,1,true
21,https://handlemyfile.com/sv/beskar-pdf,Beskär PDF Online - Ta bort marginaler från PDF lokalt | HandleMyFile,text/html; charset=utf-8,false,200,0,0,Ta bort vita marginaler eller klipp PDF-sidor till en specifik storlek lokalt i din webbläsare.,,,95,1,true
21,https://handlemyfile.com/tr/sayfalari-kaldir,PDF Sayfalarını Çevrimiçi Kaldırma - Sayfaları PDF'den Yerel Olarak Sil | HandleMyFile,text/html; charset=utf-8,false,200,0,0,İstenmeyen sayfaları tarayıcınızın içinden PDF dosyanızdan güvenli bir şekilde silin.,,,85,1,true
21,https://handlemyfile.com/ko/weoteomakeu-pdf,PDF에 워터마크 추가 - 사용자 정의 텍스트 또는 이미지를 로컬로 스탬프 처리 | HandleMyFile,text/html; charset=utf-8,false,200,0,0,오프라인으로 PDF 페이지 전체에 투명한 텍스트나 이미지 워터마크를 찍어 지적 재산을 보호하세요.,,,54,1,true
21,https://handlemyfile.com/ko/geureiseukeil-pdf,PDF를 회색조로 변환 - 흑백 PDF 온라인 | HandleMyFile,text/html; charset=utf-8,false,200,0,0,컬러 PDF 문서를 브라우저에서 즉시 회색조로 변환하여 인쇄 잉크를 절약하세요.,,,44,1,true
21,https://handlemyfile.com/ja/excel-kara-csv,無料の Excel から CSV コンバーター (.xlsx から .csv) - アップロード不要 | HandleMyFile,text/html; charset=utf-8,false,200,0,0,Microsoft Excel スプレッドシート (.xlsx、.xls) からブラウザ内でデータをユニバーサル CSV 形式にすばやくエクスポートします。,,,78,1,true
21,https://handlemyfile.com/da/beskaer-pdf,Beskær PDF online - Fjern margener fra PDF lokalt | HandleMyFile,text/html; charset=utf-8,false,200,0,0,Fjern hvide margener eller klip PDF-sider til en bestemt størrelse lokalt i din browser.,,,88,1,true
21,https://handlemyfile.com/ja/pdf-hogo,オンラインで PDF を保護 - PDF をローカルでパスワード保護 | HandleMyFile,text/html; charset=utf-8,false,200,0,0,AES-256 暗号化とパスワード保護を使用して、ブラウザーでローカルに PDF ファイルを保護します。,,,52,1,true
21,https://handlemyfile.com/zh/bian-ji-pdf,编辑 PDF - 安全地遮蔽文本和图像 | HandleMyFile,text/html; charset=utf-8,false,200,0,0,在私人信息上绘制密文框。编辑的页面被完全光栅化以永久销毁隐藏的文本。,,,34,1,true
21,https://handlemyfile.com/no/beskytt-pdf,Beskytt PDF Online - Passordbeskytt PDF lokalt | HandleMyFile,text/html; charset=utf-8,false,200,0,0,Sikre PDF-filene dine med AES-256-kryptering og passordbeskyttelse lokalt i nettleseren din.,,,92,1,true
21,https://handlemyfile.com/ja/pdf-kara-ppt,無料の PDF から PowerPoint コンバーター (.pptx) - アップロード不要 | HandleMyFile,text/html; charset=utf-8,false,200,0,0,複数ページの PDF ドキュメントを、ブラウザの RAM 内で忠実度の高い編集可能な PowerPoint (.pptx) スライドに変換します。,,,73,1,true
21,https://handlemyfile.com/cs/chranit-pdf,Chránit PDF online – Chránit PDF lokálně heslem | HandleMyFile,text/html; charset=utf-8,false,200,0,0,Zabezpečte své soubory PDF pomocí šifrování AES-256 a ochrany heslem lokálně ve vašem prohlížeči.,,,97,1,true
21,https://handlemyfile.com/vi/xoa-trang,Xóa trang PDF trực tuyến - Xóa trang khỏi PDF cục bộ | HandleMyFile,text/html; charset=utf-8,false,200,0,0,Xóa các trang không mong muốn khỏi tệp PDF một cách an toàn bên trong trình duyệt của bạn.,,,90,1,true
21,https://handlemyfile.com/ko/peiji-beonho,PDF에 페이지 번호 추가 - 로컬에서 머리글 및 바닥글 사용자 정의 | HandleMyFile,text/html; charset=utf-8,false,200,0,0,브라우저에서 완전한 스타일 제어 기능을 사용하여 PDF 머리글이나 바닥글에 깔끔하고 사용자 정의 가능한 페이지 번호를 쉽게 추가할 수 있습니다.,,,80,1,true
21,https://handlemyfile.com/nl/pdf-organiseren,PDF online organiseren - Pagina's lokaal in PDF invoegen | HandleMyFile,text/html; charset=utf-8,false,200,0,0,Voeg veilig in uw browser een ander PDF-bestand in een specifieke pagina-index in.,,,82,1,true
21,https://handlemyfile.com/zh/shui-yin-pdf,添加水印到 PDF - 在本地标记自定义文本或图像 | HandleMyFile,text/html; charset=utf-8,false,200,0,0,通过在 PDF 页面上脱机添加透明文本或图像水印来保护您的知识产权。,,,34,1,true
21,https://handlemyfile.com/zh/zu-zhi-pdf,在线组织 PDF - 在本地将页面插入 PDF | HandleMyFile,text/html; charset=utf-8,false,200,0,0,将另一个 PDF 文件安全地插入浏览器中的特定页面索引处。,,,29,1,true
21,https://handlemyfile.com/crop-pdf,Crop PDF Online - Remove Margins from PDF Locally | HandleMyFile,text/html; charset=utf-8,false,200,0,0,Remove white margins or cut PDF pages to a specific size locally in your browser.,,,81,1,true
21,https://handlemyfile.com/he/pdf-ltmvnh,המר תמונות PDF ל-JPG/PNG באינטרנט - חלץ דפים ל-ZIP | HandleMyFile,text/html; charset=utf-8,false,200,0,0,רסטר דפי PDF לתמונות PNG/JPG צלולות באופן מקומי. הורד בנפרד או כארכיון ZIP במהירות גבוהה.,,,89,1,true
21,https://handlemyfile.com/zh/shan-chu-yuan-shu-ju,删除 PDF 元数据 - 在线清理属性 | HandleMyFile,text/html; charset=utf-8,false,200,0,0,离线从 PDF 文件中删除作者、创建者和其他隐藏的数字足迹属性，以获得更好的隐私。,,,41,1,true
21,https://handlemyfile.com/uk/vidaliti-storinki,Remove PDF Pages Online - Delete Pages from PDF Locally | HandleMyFile,text/html; charset=utf-8,false,200,0,0,Delete unwanted pages from your PDF file securely inside your browser.,,,70,1,true
21,https://handlemyfile.com/he/tmvnh-l-pdf,המר JPG ו-PNG ל-PDF באינטרנט - תמונות ל-PDF באופן מקומי | HandleMyFile,text/html; charset=utf-8,false,200,0,0,"שלב תמונות, צילומי מסך או תמונות PNG/JPG למסמך PDF נקי אחד באופן מקומי ללא העלאה.",,,81,1,true
21,https://handlemyfile.com/uk/uporyadkuvati-pdf,Organize PDF Online - Insert Pages into PDF Locally | HandleMyFile,text/html; charset=utf-8,false,200,0,0,Insert another PDF file at a specific page index securely inside your browser.,,,78,1,true
21,https://handlemyfile.com/uk/rozblokuvati-pdf,Розблокуйте PDF в Інтернеті - видаліть пароль PDF локально | HandleMyFile,text/html; charset=utf-8,false,200,0,0,Миттєво видаліть пароль і шифрування з PDF-файлів у своєму браузері.,,,68,1,true
21,https://handlemyfile.com/nl/grijswaarden-pdf,Converteer PDF naar grijswaarden - Zwart-wit PDF online | HandleMyFile,text/html; charset=utf-8,false,200,0,0,Converteer gekleurde PDF-documenten direct in uw browser naar grijswaarden om drukinkt te besparen.,,,99,1,true
21,https://handlemyfile.com/zh/bi-jiao-pdf,比较 PDF - 查找两个 PDF 之间的差异 | HandleMyFile,text/html; charset=utf-8,false,200,0,0,上传两个 PDF 文件并在本地逐像素突出显示它们之间的视觉差异。,,,32,1,true
21,https://handlemyfile.com/excel-to-pdf,Convert Excel to PDF Online - XLSX & XLS to PDF Locally | HandleMyFile,text/html; charset=utf-8,false,200,0,0,"Transform spreadsheets and financial data into clean, printable PDF tables offline in your browser.",,,99,1,true
21,https://handlemyfile.com/ar/aaks-pdf,عكس صفحات PDF - تغيير ترتيب صفحات PDF للخلف | HandleMyFile,text/html; charset=utf-8,false,200,0,0,قم على الفور بعكس تسلسل الصفحات في مستند PDF الخاص بك من الأخير إلى الأول بشكل آمن في متصفحك.,,,93,1,true
21,https://handlemyfile.com/hu/pdf-vedelme,PDF védelme online – PDF jelszavas védelme helyileg | HandleMyFile,text/html; charset=utf-8,false,200,0,0,Biztosítsa PDF fájljait AES-256 titkosítással és jelszavas védelemmel helyileg a böngészőjében.,,,95,1,true
21,https://handlemyfile.com/cs/porovnat-pdf,Porovnat PDF – najít rozdíly mezi dvěma PDF | HandleMyFile,text/html; charset=utf-8,false,200,0,0,Nahrajte dva soubory PDF a lokálně zvýrazněte vizuální rozdíly mezi nimi pixel po pixelu.,,,89,1,true
21,https://handlemyfile.com/ar/lswr-l~-pdf,تحويل JPG وPNG إلى PDF عبر الإنترنت - الصور إلى PDF محليًا | HandleMyFile,text/html; charset=utf-8,false,200,0,0,قم بدمج الصور أو لقطات الشاشة أو صور PNG/JPG في مستند PDF واحد نظيف محليًا دون تحميل.,,,85,1,true
21,https://handlemyfile.com/he/pdf-bgvvny-pvr,המרת PDF לגווני אפור - PDF בשחור לבן | HandleMyFile,text/html; charset=utf-8,false,200,0,0,המר מסמכי PDF צבעוניים לגווני אפור באופן מיידי בדפדפן שלך כדי לחסוך בדיו להדפסה.,,,80,1,true
21,https://handlemyfile.com/fi/poista-sivut,Poista PDF-sivut verkossa - Poista sivut PDF-tiedostosta paikallisesti | HandleMyFile,text/html; charset=utf-8,false,200,0,0,Poista ei-toivotut sivut PDF-tiedostostasi turvallisesti selaimessasi.,,,70,1,true
21,https://handlemyfile.com/sv/skydda-pdf,Skydda PDF Online - Lösenordsskydda PDF lokalt | HandleMyFile,text/html; charset=utf-8,false,200,0,0,Säkra dina PDF-filer med AES-256-kryptering och lösenordsskydd lokalt i din webbläsare.,,,87,1,true
21,https://handlemyfile.com/it/firma-pdf,Firma PDF online - Aggiungi firma elettronica al PDF | HandleMyFile,text/html; charset=utf-8,false,200,0,0,"Disegna, carica o genera una firma elettronica e aggiungila al tuo PDF.",,,71,1,true
21,https://handlemyfile.com/ja/gazo-chushutsu,PDF から画像を抽出 - PDF からすべての画像を保存 | HandleMyFile,text/html; charset=utf-8,false,200,0,0,PDF を即座にスキャンし、埋め込まれたすべての画像を高品質の JPG/PNG ファイルとしてローカルに抽出します。,,,58,1,true
21,https://handlemyfile.com/ja/pdf-torimingu,オンラインで PDF をトリミング - PDF からローカルで余白を削除 | HandleMyFile,text/html; charset=utf-8,false,200,0,0,白い余白を削除するか、ブラウザでローカルに PDF ページを特定のサイズにカットします。,,,44,1,true
21,https://handlemyfile.com/th/pldl-kh-pdf,ปลดล็อก PDF ออนไลน์ - ลบรหัสผ่าน PDF ในเครื่อง | HandleMyFile,text/html; charset=utf-8,false,200,0,0,ลบรหัสผ่านและการเข้ารหัสออกจากไฟล์ PDF ของคุณทันทีในเบราว์เซอร์ของคุณ,,,69,1,true
21,https://handlemyfile.com/ko/pdf-keugi-jojeong,PDF 페이지 크기 조정 - PDF 페이지 크기 및 여백 변경 | HandleMyFile,text/html; charset=utf-8,false,200,0,0,"PDF 페이지의 크기를 A4 또는 Letter와 같은 표준 크기로 조정하고, 여백을 추가하고, 콘텐츠를 완벽하게 중앙에 배치하세요.",,,73,1,true
21,https://handlemyfile.com/hi/greskel-piiddiieph,पीडीएफ को ग्रेस्केल में बदलें - ब्लैक एंड व्हाइट पीडीएफ ऑनलाइन | HandleMyFile,text/html; charset=utf-8,false,200,0,0,मुद्रण स्याही बचाने के लिए रंगीन पीडीएफ दस्तावेज़ों को तुरंत अपने ब्राउज़र में ग्रेस्केल में बदलें।,,,99,1,true
21,https://handlemyfile.com/ko/imiji-cucul,PDF에서 이미지 추출 - PDF에서 모든 그림 저장 | HandleMyFile,text/html; charset=utf-8,false,200,0,0,PDF를 즉시 스캔하고 포함된 모든 이미지를 고품질 JPG/PNG 파일로 로컬에서 추출하세요.,,,52,1,true
21,https://handlemyfile.com/uk/zahist-pdf,Protect PDF Online - Password Protect PDF Locally | HandleMyFile,text/html; charset=utf-8,false,200,0,0,Secure your PDF files with AES-256 encryption and password protection locally in your browser.,,,94,1,true
21,https://handlemyfile.com/ko/csvreul-egselro,무료 CSV를 Excel로 변환기(.xlsx) - 인스턴트 브라우저 엔진 | HandleMyFile,text/html; charset=utf-8,false,200,0,0,다중 시트를 지원하고 오프라인에서 데이터 손실이 전혀 없는 원시 CSV 파일을 올바른 형식의 Excel 스프레드시트로 변환하세요.,,,72,1,true
21,https://handlemyfile.com/th/y-nklab-pdf,ย้อนกลับหน้า PDF - เปลี่ยนลำดับหน้า PDF ย้อนกลับ | HandleMyFile,text/html; charset=utf-8,false,200,0,0,กลับลำดับหน้าในเอกสาร PDF ของคุณจากหน้าสุดท้ายไปหน้าแรกอย่างปลอดภัยในเบราว์เซอร์ของคุณ,,,86,1,true
21,https://handlemyfile.com/zh/bao-hu-pdf,在线保护 PDF - 本地密码保护 PDF | HandleMyFile,text/html; charset=utf-8,false,200,0,0,在浏览器中本地使用 AES-256 加密和密码保护来保护您的 PDF 文件。,,,38,1,true
21,https://handlemyfile.com/ja/pdf-hikaku,PDF を比較 - 2 つの PDF 間の相違点を見つける | HandleMyFile,text/html; charset=utf-8,false,200,0,0,2 つの PDF ファイルをアップロードし、それらの視覚的な違いをローカルでピクセルごとに強調表示します。,,,53,1,true
21,https://handlemyfile.com/ar/twqyaa-pdf,التوقيع على ملف PDF عبر الإنترنت - إضافة التوقيع الإلكتروني إلى ملف PDF | HandleMyFile,text/html; charset=utf-8,false,200,0,0,ارسم توقيعًا إلكترونيًا أو قم بتحميله أو إنشاؤه وأضفه إلى ملف PDF الخاص بك.,,,75,1,true
21,https://handlemyfile.com/nl/pdf-ondertekenen,PDF online ondertekenen - Elektronische handtekening toevoegen aan PDF | HandleMyFile,text/html; charset=utf-8,false,200,0,0,"Teken, upload of genereer een elektronische handtekening en voeg deze toe aan uw PDF.",,,85,1,true
21,https://handlemyfile.com/tr/pdf-yi-imzala,PDF'yi Çevrimiçi İmzalayın - PDF'ye Elektronik İmza Ekle | HandleMyFile,text/html; charset=utf-8,false,200,0,0,"Elektronik imza çizin, yükleyin veya oluşturun ve bunu PDF'nize ekleyin.",,,72,1,true
21,https://handlemyfile.com/da/gratoner-pdf,Konverter PDF til gråtoner - Sort og hvid PDF Online | HandleMyFile,text/html; charset=utf-8,false,200,0,0,Konverter farvede PDF-dokumenter til gråtoner med det samme i din browser for at spare trykfarve.,,,97,1,true
21,https://handlemyfile.com/id/bandingkan-pdf,Bandingkan PDF - Temukan Perbedaan Antara Dua PDF | HandleMyFile,text/html; charset=utf-8,false,200,0,0,Unggah dua file PDF dan soroti perbedaan visual di antara keduanya piksel demi piksel secara lokal.,,,99,1,true
21,https://handlemyfile.com/uk/pidpisati-pdf,Sign PDF Online - Add Electronic Signature to PDF | HandleMyFile,text/html; charset=utf-8,false,200,0,0,"Draw, upload, or generate an electronic signature and add it to your PDF.",,,73,1,true
21,https://handlemyfile.com/ru/zashchitit-pdf,Защитить PDF онлайн — Локальная защита PDF паролем | HandleMyFile,text/html; charset=utf-8,false,200,0,0,Защитите свои PDF-файлы с помощью шифрования AES-256 и защиты паролем локально в браузере.,,,90,1,true
21,https://handlemyfile.com/pl/porownaj-pdf,Porównaj PDF — znajdź różnice między dwoma plikami PDF | HandleMyFile,text/html; charset=utf-8,false,200,0,0,Prześlij dwa pliki PDF i lokalnie zaznacz różnice wizualne między nimi piksel po pikselu.,,,89,1,true
21,https://handlemyfile.com/cs/reverse-pdf,Obrátit stránky PDF - Změnit pořadí stránek PDF zpět | HandleMyFile,text/html; charset=utf-8,false,200,0,0,Okamžitě změňte pořadí stránek v dokumentu PDF od poslední k první bezpečně ve svém prohlížeči.,,,95,1,true
21,https://handlemyfile.com/he/hsr-dpym,הסר דפי PDF באינטרנט - מחק דפים מ-PDF באופן מקומי | HandleMyFile,text/html; charset=utf-8,false,200,0,0,מחק דפים לא רצויים מקובץ ה-PDF שלך בצורה מאובטחת בתוך הדפדפן שלך.,,,65,1,true
21,https://handlemyfile.com/fi/rajaa-pdf,Rajaa PDF Online - Poista marginaalit PDF:stä paikallisesti | HandleMyFile,text/html; charset=utf-8,false,200,0,0,Poista valkoiset marginaalit tai leikkaa PDF-sivut tiettyyn kokoon paikallisesti selaimessasi.,,,94,1,true
21,https://handlemyfile.com/sk/odomknut-pdf,Odomknúť PDF online – lokálne odstrániť heslo PDF | HandleMyFile,text/html; charset=utf-8,false,200,0,0,Okamžite odstráňte heslo a šifrovanie zo súborov PDF v prehliadači.,,,67,1,true
21,https://handlemyfile.com/vi/ky-pdf,Ký PDF trực tuyến - Thêm chữ ký điện tử vào PDF | HandleMyFile,text/html; charset=utf-8,false,200,0,0,"Vẽ, tải lên hoặc tạo chữ ký điện tử và thêm nó vào tệp PDF của bạn.",,,67,1,true
21,https://handlemyfile.com/hi/piiddiieph-anlonk-kren,पीडीएफ को ऑनलाइन अनलॉक करें - पीडीएफ पासवर्ड को स्थानीय रूप से हटाएं | HandleMyFile,text/html; charset=utf-8,false,200,0,0,अपने ब्राउज़र में तुरंत अपनी पीडीएफ फाइलों से पासवर्ड और एन्क्रिप्शन हटाएं।,,,75,1,true
21,https://handlemyfile.com/zh/diao-zheng-pdf-da-xiao,调整 PDF 页面大小 - 更改 PDF 页面大小和边距 | HandleMyFile,text/html; charset=utf-8,false,200,0,0,将 PDF 页面大小调整为 A4 或 Letter 等标准尺寸、添加边距并将内容完美居中。,,,45,1,true
21,https://handlemyfile.com/de/pdf-entsperren,PDF online entsperren – PDF-Passwort lokal entfernen | HandleMyFile,text/html; charset=utf-8,false,200,0,0,Entfernen Sie das Passwort und die Verschlüsselung sofort in Ihrem Browser aus Ihren PDF-Dateien.,,,97,1,true
21,https://handlemyfile.com/ro/eliminati-pagini,Eliminați paginile PDF online - Ștergeți paginile din PDF local | HandleMyFile,text/html; charset=utf-8,false,200,0,0,Ștergeți paginile nedorite din fișierul PDF în siguranță în browser.,,,68,1,true
21,https://handlemyfile.com/cs/odemknout-pdf,Odemknout PDF online – odstranit heslo PDF lokálně | HandleMyFile,text/html; charset=utf-8,false,200,0,0,Odstraňte heslo a šifrování ze souborů PDF okamžitě v prohlížeči.,,,65,1,true
21,https://handlemyfile.com/pl/usun-strony,Usuń strony PDF online — usuń strony z pliku PDF lokalnie | HandleMyFile,text/html; charset=utf-8,false,200,0,0,Usuń niechciane strony z pliku PDF bezpiecznie w przeglądarce.,,,62,1,true
21,https://handlemyfile.com/pt/assinar-pdf,Assinar PDF Online - Adicionar Assinatura Eletrônica ao PDF | HandleMyFile,text/html; charset=utf-8,false,200,0,0,"Desenhe, carregue ou gere uma assinatura eletrônica e adicione-a ao seu PDF.",,,76,1,true
21,https://handlemyfile.com/sv/graskala-pdf,Konvertera PDF till gråskala - Svartvit PDF Online | HandleMyFile,text/html; charset=utf-8,false,200,0,0,Konvertera färgade PDF-dokument till gråskala direkt i din webbläsare för att spara tryckfärg.,,,94,1,true
21,https://handlemyfile.com/ja/pdf-seiri,オンラインで PDF を整理 - ローカルで PDF にページを挿入 | HandleMyFile,text/html; charset=utf-8,false,200,0,0,ブラウザ内の特定のページ インデックスに別の PDF ファイルを安全に挿入します。,,,41,1,true
21,https://handlemyfile.com/ko/pdf-sujeong,PDF 편집 - 텍스트 및 이미지를 안전하게 차단 | HandleMyFile,text/html; charset=utf-8,false,200,0,0,개인 정보 위에 교정 상자를 그립니다. 수정된 페이지는 완전히 래스터화되어 숨겨진 텍스트를 영구적으로 삭제합니다.,,,63,1,true
21,https://handlemyfile.com/ja/sukyan-to-pdf,PDF にスキャン - PDF を編集不可にしてオンラインでラスタライズ | HandleMyFile,text/html; charset=utf-8,false,200,0,0,PDF ドキュメントを PDF 内のフラット イメージにラスタライズします。ブラウザでのコピー＆ペーストや編集を安全に防止します。,,,65,1,true
21,https://handlemyfile.com/he/pdf-hpvk,הפוך דפי PDF - שנה סדר דפי PDF לאחור | HandleMyFile,text/html; charset=utf-8,false,200,0,0,הפוך באופן מיידי את רצף הדפים במסמך ה-PDF שלך מהאחרון לראשון בצורה מאובטחת בדפדפן שלך.,,,86,1,true
21,https://handlemyfile.com/sign-pdf,Sign PDF Online - Add Electronic Signature to PDF | HandleMyFile,text/html; charset=utf-8,false,200,0,0,"Draw, upload, or generate an electronic signature and add it to your PDF.",,,73,1,true
21,https://handlemyfile.com/sv/ordna-pdf,Ordna PDF online - Infoga sidor i PDF lokalt | HandleMyFile,text/html; charset=utf-8,false,200,0,0,Infoga en annan PDF-fil på ett specifikt sidindex säkert i din webbläsare.,,,74,1,true
21,https://handlemyfile.com/th/aekaikh-pdf,ทำซ้ำ PDF - ปิดทับข้อความและรูปภาพอย่างปลอดภัย | HandleMyFile,text/html; charset=utf-8,false,200,0,0,วาดกล่องเขียนทับข้อมูลส่วนตัว หน้าที่แก้ไขจะถูกแรสเตอร์ทั้งหมดเพื่อทำลายข้อความที่ซ่อนอยู่อย่างถาวร,,,99,1,true
21,https://handlemyfile.com/th/khr-btad-pdf,ครอบตัด PDF ออนไลน์ - ลบระยะขอบออกจาก PDF ในเครื่อง | HandleMyFile,text/html; charset=utf-8,false,200,0,0,ลบระยะขอบสีขาวหรือตัดหน้า PDF ให้มีขนาดเฉพาะในเบราว์เซอร์ของคุณ,,,63,1,true
21,https://handlemyfile.com/ko/pdf-jamgeum-haeje,온라인으로 PDF 잠금 해제 - 로컬에서 PDF 비밀번호 제거 | HandleMyFile,text/html; charset=utf-8,false,200,0,0,브라우저에서 PDF 파일의 비밀번호와 암호화를 즉시 제거하세요.,,,35,1,true
21,https://handlemyfile.com/ru/udalit-stranicy,Удалить страницы PDF онлайн — удалить страницы из PDF локально | HandleMyFile,text/html; charset=utf-8,false,200,0,0,Удаляйте ненужные страницы из PDF-файла безопасно в браузере.,,,61,1,true
21,https://handlemyfile.com/ms/susun-pdf,Susun PDF Dalam Talian - Sisipkan Halaman ke dalam PDF Secara Setempat | HandleMyFile,text/html; charset=utf-8,false,200,0,0,Masukkan fail PDF lain pada indeks halaman tertentu dengan selamat di dalam penyemak imbas anda.,,,96,1,true
21,https://handlemyfile.com/ro/semneaza-pdf,Semnați PDF online - Adăugați semnătură electronică la PDF | HandleMyFile,text/html; charset=utf-8,false,200,0,0,"Desenați, încărcați sau generați o semnătură electronică și adăugați-o la PDF.",,,78,1,true
21,https://handlemyfile.com/he/khytvk-pdf,חיתוך PDF באינטרנט - הסר שוליים מ-PDF באופן מקומי | HandleMyFile,text/html; charset=utf-8,false,200,0,0,הסר שוליים לבנים או חתוך דפי PDF לגודל מסוים באופן מקומי בדפדפן שלך.,,,68,1,true
21,https://handlemyfile.com/ru/obrezat-pdf,Обрезать PDF онлайн — удалить поля из PDF локально | HandleMyFile,text/html; charset=utf-8,false,200,0,0,Удалите белые поля или обрежьте страницы PDF до определенного размера локально в браузере.,,,90,1,true
21,https://handlemyfile.com/he/txt-l-pdf,המרת TXT ל-PDF באינטרנט - טקסט רגיל למסמך PDF | HandleMyFile,text/html; charset=utf-8,false,200,0,0,הפוך במהירות קובצי טקסט רגיל או יומני קוד למסמכי PDF מובנים היטב וקריאים באופן מיידי בדפדפן שלך.,,,96,1,true
21,https://handlemyfile.com/hi/piiddiieph-vyvsthit-kren,पीडीएफ को ऑनलाइन व्यवस्थित करें - पीडीएफ में स्थानीय रूप से पेज डालें | HandleMyFile,text/html; charset=utf-8,false,200,0,0,अपने ब्राउज़र के अंदर एक विशिष्ट पेज इंडेक्स पर सुरक्षित रूप से एक और पीडीएफ फाइल डालें।,,,88,1,true
21,https://handlemyfile.com/pt/organizar-pdf,Organize PDF Online - Insira páginas em PDF localmente | HandleMyFile,text/html; charset=utf-8,false,200,0,0,Insira outro arquivo PDF em um índice de página específico com segurança dentro do seu navegador.,,,97,1,true
21,https://handlemyfile.com/sv/jamfor-pdf,Jämför PDF - Hitta skillnader mellan två PDF-filer | HandleMyFile,text/html; charset=utf-8,false,200,0,0,Ladda upp två PDF-filer och markera de visuella skillnaderna mellan dem pixel för pixel lokalt.,,,95,1,true
21,https://handlemyfile.com/he/bytvl-n-ylt-pdf,ביטול נעילת PDF Online - הסר סיסמת PDF באופן מקומי | HandleMyFile,text/html; charset=utf-8,false,200,0,0,הסר סיסמה והצפנה מקובצי ה-PDF שלך באופן מיידי בדפדפן שלך.,,,57,1,true
21,https://handlemyfile.com/tr/pdf-yi-karsilastir,PDF'yi Karşılaştır - İki PDF Arasındaki Farkları Bulun | HandleMyFile,text/html; charset=utf-8,false,200,0,0,İki PDF dosyası yükleyin ve aralarındaki görsel farkları yerel olarak piksel piksel vurgulayın.,,,95,1,true
21,https://handlemyfile.com/he/khtvm-pdf,חתום PDF באינטרנט - הוסף חתימה אלקטרונית ל-PDF | HandleMyFile,text/html; charset=utf-8,false,200,0,0,"צייר, העלה או הפק חתימה אלקטרונית והוסף אותה ל-PDF שלך.",,,55,1,true
21,https://handlemyfile.com/ja/peji-sakujo,オンラインで PDF ページを削除 - PDF からローカルでページを削除 | HandleMyFile,text/html; charset=utf-8,false,200,0,0,ブラウザ内で PDF ファイルから不要なページを安全に削除します。,,,33,1,true
21,https://handlemyfile.com/ko/egseleul-pdfro,Excel을 온라인에서 PDF로 변환 - XLSX 및 XLS를 로컬에서 PDF로 | HandleMyFile,text/html; charset=utf-8,false,200,0,0,브라우저에서 오프라인으로 스프레드시트와 재무 데이터를 깨끗하고 인쇄 가능한 PDF 테이블로 변환하세요.,,,57,1,true
21,https://handlemyfile.com/ja/pdf-asshuku,オンラインで PDF を圧縮 - ローカルでファイル サイズを 60 ～ 90% 削減 | HandleMyFile,text/html; charset=utf-8,false,200,0,0,WebAssembly で直接適応ロスレスおよび DPI ラスタライゼーション技術を使用して、大きな PDF ファイルを最大 90% 縮小します。,,,73,1,true
21,https://handlemyfile.com/cs/podepsat-pdf,Podepsat PDF online – Přidat elektronický podpis do PDF | HandleMyFile,text/html; charset=utf-8,false,200,0,0,"Nakreslete, nahrajte nebo vygenerujte elektronický podpis a přidejte jej do svého PDF.",,,86,1,true
21,https://handlemyfile.com/organize-pdf,Organize PDF Online - Insert Pages into PDF Locally | HandleMyFile,text/html; charset=utf-8,false,200,0,0,Insert another PDF file at a specific page index securely inside your browser.,,,78,1,true
21,https://handlemyfile.com/ja/pdf-kaijo,オンラインで PDF のロックを解除 - PDF パスワードをローカルで削除 | HandleMyFile,text/html; charset=utf-8,false,200,0,0,ブラウザで PDF ファイルからパスワードと暗号化を即座に削除します。,,,35,1,true
21,https://handlemyfile.com/es/recortar-pdf,Recortar PDF en línea: eliminar márgenes del PDF localmente | HandleMyFile,text/html; charset=utf-8,false,200,0,0,Elimine los márgenes blancos o corte páginas PDF a un tamaño específico localmente en su navegador.,,,99,1,true
21,https://handlemyfile.com/ru/uporyadochit-pdf,Организуйте PDF онлайн — вставляйте страницы в PDF локально | HandleMyFile,text/html; charset=utf-8,false,200,0,0,Надежно вставьте другой PDF-файл в индекс определенной страницы в браузере.,,,75,1,true
21,https://handlemyfile.com/hu/pdf-rendezese,PDF online rendezése – Oldalak beszúrása PDF-be helyileg | HandleMyFile,text/html; charset=utf-8,false,200,0,0,Szúrjon be egy másik PDF-fájlt egy adott oldalindexbe biztonságosan a böngészőbe.,,,81,1,true
21,https://handlemyfile.com/nl/pagina-s-verwijderen,PDF-pagina's online verwijderen - Pagina's lokaal uit PDF verwijderen | HandleMyFile,text/html; charset=utf-8,false,200,0,0,Verwijder ongewenste pagina's veilig uit uw PDF-bestand in uw browser.,,,70,1,true
21,https://handlemyfile.com/ar/hmy-qwt-ldfaa-lshaaby,حماية ملفات PDF عبر الإنترنت - حماية ملفات PDF محليًا بكلمة مرور | HandleMyFile,text/html; charset=utf-8,false,200,0,0,قم بتأمين ملفات PDF الخاصة بك باستخدام تشفير AES-256 وحماية كلمة المرور محليًا في متصفحك.,,,89,1,true
20,https://handlemyfile.com/ja/pdf-henshu,無料のオンライン PDF エディター - テキストと画像をローカルに追加 |ゼロアップロード | HandleMyFile,text/html; charset=utf-8,false,200,0,0,完全にクライアント側のインタラクティブな PDF エディター。テキストの追加、画像のオーバーレイ、PDF の操作をローカルで 100% のプライバシーとアップロードなしで実行できます。,,,92,1,true
20,https://handlemyfile.com/ko/pdf-pyeonjib,무료 온라인 PDF 편집기 - 로컬에서 텍스트 및 이미지 추가 | 제로 업로드 | HandleMyFile,text/html; charset=utf-8,false,200,0,0,"완전한 클라이언트측 대화형 PDF 편집기입니다. 100% 개인 정보 보호와 업로드 없이 로컬에서 텍스트를 추가하고, 이미지를 오버레이하고, PDF를 조작할 수 있습니다.",,,94,1,true
