PR,URL,Title,Content type,Is rendered page,HTTP status code,Organic traffic,Depth,No. of redirect inlinks,No. of href inlinks
21,https://handlemyfile.com/,HandleMyFile | All Document Tools in One Place,text/html; charset=utf-8,false,200,0,0,2,0
20,https://handlemyfile.com/fr,HandleMyFile | Tous les outils de documentation en un seul endroit,text/html; charset=utf-8,false,200,0,1,1,0
20,https://handlemyfile.com/el,HandleMyFile | Όλα τα εργαλεία εγγράφων σε ένα μέρος,text/html; charset=utf-8,false,200,0,1,1,0
20,https://handlemyfile.com/it,HandleMyFile | Tutti gli strumenti per i documenti in un unico posto,text/html; charset=utf-8,false,200,0,1,1,0
20,https://handlemyfile.com/ar,HandleMyFile | جميع أدوات المستندات في مكان واحد,text/html; charset=utf-8,false,200,0,1,1,0
20,https://handlemyfile.com/vi,HandleMyFile | Tất cả các công cụ tài liệu ở một nơi,text/html; charset=utf-8,false,200,0,1,1,0
20,https://handlemyfile.com/pt,HandleMyFile | Todas as ferramentas de documentos em um só lugar,text/html; charset=utf-8,false,200,0,1,1,0
20,https://handlemyfile.com/cs,HandleMyFile | Všechny nástroje pro dokumenty na jednom místě,text/html; charset=utf-8,false,200,0,1,1,0
20,https://handlemyfile.com/nl,HandleMyFile | Alle documenthulpmiddelen op één plek,text/html; charset=utf-8,false,200,0,1,1,0
20,https://handlemyfile.com/de,HandleMyFile | Alle Dokumententools an einem Ort,text/html; charset=utf-8,false,200,0,1,1,0
20,https://handlemyfile.com/ru,HandleMyFile | Все инструменты для работы с документами в одном месте,text/html; charset=utf-8,false,200,0,1,1,0
20,https://handlemyfile.com/hu,HandleMyFile | Minden dokumentumeszköz egy helyen,text/html; charset=utf-8,false,200,0,1,1,0
20,https://handlemyfile.com/ro,HandleMyFile | Toate instrumentele pentru documente într-un singur loc,text/html; charset=utf-8,false,200,0,1,1,0
20,https://handlemyfile.com/ko,HandleMyFile | 모든 문서 도구를 한 곳에 모아보세요,text/html; charset=utf-8,false,200,0,1,1,0
20,https://handlemyfile.com/hi,HandleMyFile | सभी दस्तावेज़ उपकरण एक ही स्थान पर,text/html; charset=utf-8,false,200,0,1,1,0
20,https://handlemyfile.com/no,HandleMyFile | Alle dokumentverktøy på ett sted,text/html; charset=utf-8,false,200,0,1,1,0
20,https://handlemyfile.com/es,HandleMyFile | Todas las herramientas de documentos en un solo lugar,text/html; charset=utf-8,false,200,0,1,1,0
20,https://handlemyfile.com/sv,HandleMyFile | Alla dokumentverktyg på ett ställe,text/html; charset=utf-8,false,200,0,1,1,0
20,https://handlemyfile.com/zh,HandleMyFile | 所有文档工具都集中在一处,text/html; charset=utf-8,false,200,0,1,1,0
20,https://handlemyfile.com/ja,HandleMyFile | すべてのドキュメント ツールを 1 か所に,text/html; charset=utf-8,false,200,0,1,1,0
20,https://handlemyfile.com/fi,HandleMyFile | Kaikki asiakirjatyökalut yhdessä paikassa,text/html; charset=utf-8,false,200,0,1,1,0
20,https://handlemyfile.com/sk,HandleMyFile | Všetky nástroje dokumentov na jednom mieste,text/html; charset=utf-8,false,200,0,1,1,0
20,https://handlemyfile.com/id,HandleMyFile | Semua Alat Dokumen di Satu Tempat,text/html; charset=utf-8,false,200,0,1,1,0
20,https://handlemyfile.com/he,HandleMyFile | All Document Tools in One Place,text/html; charset=utf-8,false,200,0,1,1,0
20,https://handlemyfile.com/uk,HandleMyFile | Усі інструменти для роботи з документами в одному місці,text/html; charset=utf-8,false,200,0,1,1,0
20,https://handlemyfile.com/ms,HandleMyFile | Semua Alat Dokumen di Satu Tempat,text/html; charset=utf-8,false,200,0,1,1,0
20,https://handlemyfile.com/pl,HandleMyFile | Wszystkie narzędzia do obsługi dokumentów w jednym miejscu,text/html; charset=utf-8,false,200,0,1,1,0
20,https://handlemyfile.com/th,HandleMyFile | เครื่องมือเอกสารทั้งหมดในที่เดียว,text/html; charset=utf-8,false,200,0,1,1,0
20,https://handlemyfile.com/da,HandleMyFile | Alle dokumentværktøjer på ét sted,text/html; charset=utf-8,false,200,0,1,1,0
20,https://handlemyfile.com/tr,HandleMyFile | Tüm Belge Araçları Tek Bir Yerde,text/html; charset=utf-8,false,200,0,1,1,0
